Id,AB_Thorn,AB_W_Thorn,Nar,Cal,cal_riosu_zr, Na_un_cusal,Na_un_cusba,srtm,slope,intDrain,extDrain,effDepth,trmm_0,trmm_1,trmm_2,trmm_3,tempAvg_0,tempRang_0,PrecAcc_0,tempAvg_1,tempRang_1,PrecAcc_1,tempAvg_2,tempRang_2,PrecAcc_2,tempAvg_3,tempRang_3,PrecAcc_3,Yield
1,1,1,0,0,0,0,1,2349,32,2,3,70,3.822440167,4.8146157,3.426696733,3.656759637,15.5,7.6,210,15.5,7.2,321,151,74,286,157,79,222,0.00118
2,1,1,0,0,0,0,1,2349,32,2,3,70,1.4509891,4.008026667,4.7970986,2.961126137,15.5,8.4,180,15.5,7.6,210,155,72,321,151,74,286,0.00147
3,1,1,0,0,0,0,1,2349,32,2,3,70,1.125383167,4.006805267,4.5879162,3.550940333,15.5,8.4,180,15.5,7.6,210,155,72,321,151,74,286,0.00147
4,1,1,0,0,0,0,1,2349,32,2,3,70,3.467805067,3.894923967,3.681143333,4.69856237,15.5,7.6,210,15.5,7.2,321,151,74,286,157,79,222,0.00147
5,1,1,0,0,0,0,1,2349,32,2,3,70,1.292576267,3.525988867,4.457657933,3.145616267,15.5,8.4,180,15.5,7.6,210,155,72,321,151,74,286,0.00176
6,1,1,0,0,0,0,1,2399,50,2,2,75,1.245746033,2.118952067,1.3957803,7.2881774,14.6,8,144,14,7.9,121,140,75,153,140,72,270,0.00214
7,1,1,0,0,0,0,1,2349,32,2,3,70,3.401254767,2.907155333,4.404803667,3.214887937,15.5,8.4,180,15.5,7.6,210,155,72,321,151,74,286,0.00235
8,1,1,0,0,0,0,1,2349,32,2,3,70,1.529360067,1.6490497,4.1522457,4.678530467,15.3,8.1,200,15.5,8.4,180,155,76,210,155,72,321,0.00235
9,1,1,0,0,0,0,1,2399,50,2,2,75,2.4647065,0.6907342,3.200793767,7.511240733,14.6,8,144,14,7.9,121,140,75,153,140,72,270,0.0025
10,1,1,0,0,0,0,1,2399,50,2,2,75,0.8027038,2.0179651,7.830376833,5.769733367,14,7.9,121,14,7.5,153,140,72,270,142,70,309,0.0025
11,0,1,0,0,0,0,1,2331,2,2,2,75,4.490317233,4.691298067,2.901512867,1.3218506,15.1,7.5,279,15.3,7.4,338,154,81,246,157,82,202,0.00267
12,0,1,0,0,0,0,1,2331,2,2,2,75,2.473164767,1.554052767,1.1462866,3.789316867,15.4,8.1,246,15.7,8.2,202,158,84,178,157,76,208,0.00289
13,0,1,0,0,0,0,1,2331,2,2,2,75,2.915040567,1.2986223,1.268334367,3.456328267,15.4,8.1,246,15.7,8.2,202,158,84,178,157,76,208,0.00289
14,1,1,0,0,0,0,1,2349,32,2,3,70,1.4904492,1.006705167,3.559744267,4.7913762,15.3,8.1,200,15.5,8.4,180,155,76,210,155,72,321,0.00294
15,1,1,0,0,0,0,1,2349,32,2,3,70,1.4504941,1.279280867,3.553902267,3.436973633,15.3,8.1,200,15.5,8.4,180,155,76,210,155,72,321,0.00294
16,0,1,0,0,0,0,1,2331,2,2,2,75,2.7909908,2.080983197,5.3748122,3.8231898,15.4,8.1,129,15.2,7.7,179,151,75,279,153,74,338,0.00311
17,1,1,0,0,0,0,1,2349,32,2,3,70,3.766939667,5.1590607,3.039027833,3.319416237,15.5,7.6,210,15.5,7.2,321,151,74,286,157,79,222,0.00323
18,0,1,0,0,0,0,1,2331,2,2,2,75,3.341887267,5.762997433,3.188047567,1.4425326,15.2,7.7,179,15.1,7.5,279,153,74,338,154,81,246,0.00333
19,0,1,0,0,0,0,1,2331,2,2,2,75,2.05965613,3.012508667,5.817395433,2.8541115,15.4,8.1,129,15.2,7.7,179,151,75,279,153,74,338,0.00333
20,1,1,0,0,0,0,1,2399,50,2,2,75,2.6905669,0.8490655,2.583795667,7.064728767,14.6,8,144,14,7.9,121,140,75,153,140,72,270,0.00333
21,1,1,0,0,0,0,1,2399,50,2,2,75,2.7578684,1.282327,5.8828667,8.063703833,14,7.9,121,14,7.5,153,140,72,270,142,70,309,0.00333
22,1,1,0,0,0,0,1,2399,50,2,2,75,0.6068297,2.6164688,1.3167326,4.311898933,14.7,7.7,205,14.6,8,144,140,79,121,140,75,153,0.00333
23,1,1,0,0,0,0,1,2399,50,2,2,75,2.6039221,1.2558209,4.385357333,8.862771,14.6,8,144,14,7.9,121,140,75,153,140,72,270,0.00333
24,1,1,0,0,0,0,1,2349,32,2,3,70,1.594145567,3.539792667,3.266171933,4.096487167,15.5,8.4,180,15.5,7.6,210,155,72,321,151,74,286,0.00353
25,1,1,0,0,0,0,1,2349,32,2,3,70,1.490694767,1.018937,4.036146067,4.423865,15.3,8.1,200,15.5,8.4,180,155,76,210,155,72,321,0.00353
26,1,1,0,0,0,0,1,2349,32,2,3,70,5.083606533,3.991674767,2.857289267,1.4100636,15,7.4,283,15,7.4,342,152,81,245,153,81,200,0.00353
27,1,1,0,0,0,0,1,2349,32,2,3,70,3.761441533,4.484624367,3.403351537,3.3075418,15.5,7.6,210,15.5,7.2,321,151,74,286,157,79,222,0.00353
28,0,1,0,0,0,0,1,2331,2,2,2,75,0.505885133,3.044595,1.852282097,3.383248567,15.9,7.9,219,15.8,8.2,151,154,81,129,152,77,179,0.00356
29,0,1,0,0,0,0,1,2331,2,2,2,75,1.571172597,4.988865433,4.342229967,2.916058067,15.2,7.7,179,15.1,7.5,279,153,74,338,154,81,246,0.00378
30,0,1,0,0,0,0,1,2331,2,2,2,75,1.973482197,4.968935433,4.172439767,2.637404067,15.2,7.7,179,15.1,7.5,279,153,74,338,154,81,246,0.00378
31,1,1,0,0,0,0,1,2349,32,2,3,70,5.2650614,2.840483367,1.2854127,1.617256367,15,7.4,342,15.2,8.1,245,153,81,200,155,84,180,0.00382
32,0,1,0,0,0,0,1,2331,2,2,2,75,2.813581467,1.3125403,1.636085967,2.9168064,15.4,8.1,246,15.7,8.2,202,158,84,178,157,76,208,0.004
33,0,1,0,0,0,0,1,2331,2,2,2,75,1.678501397,3.527466167,5.837297633,2.903907367,15.2,7.7,179,15.1,7.5,279,153,74,338,154,81,246,0.00422
34,0,1,0,0,0,0,1,2331,2,2,2,75,5.083606533,3.991674767,2.857289267,1.4100636,15.1,7.5,279,15.3,7.4,338,154,81,246,157,82,202,0.00422
35,1,1,0,0,0,0,1,2349,32,2,3,70,1.4239568,1.525121867,2.274113467,3.697183533,15.2,8.1,245,15.3,8.1,200,155,84,180,155,76,210,0.00441
36,0,1,0,0,0,0,1,2331,2,2,2,75,2.646952867,1.3789345,1.023490667,3.530178667,15.4,8.1,246,15.7,8.2,202,158,84,178,157,76,208,0.00444
37,0,1,0,0,0,0,1,2331,2,2,2,75,3.050345563,5.6671639,2.930285633,2.361684267,15.2,7.7,179,15.1,7.5,279,153,74,338,154,81,246,0.00467
38,0,1,0,0,0,0,1,2331,2,2,2,75,3.352851,1.760601497,4.2564051,5.2685029,15.4,8.1,129,15.2,7.7,179,151,75,279,153,74,338,0.00467
39,1,1,0,0,0,0,1,2349,32,2,3,70,5.257953733,3.3270369,2.575953667,1.490694767,15,7.4,283,15,7.4,342,152,81,245,153,81,200,0.0047
40,0,1,0,0,0,0,1,2331,2,2,2,75,3.400791433,1.587395297,5.578074733,3.818012967,15.4,8.1,129,15.2,7.7,179,151,75,279,153,74,338,0.00489
41,1,1,0,0,0,0,1,2349,32,2,3,70,5.534138133,3.317145467,1.5532944,1.529360067,15,7.4,283,15,7.4,342,152,81,245,153,81,200,0.005
42,0,1,0,0,0,0,1,2331,2,2,2,75,1.4504941,1.279280867,3.553902267,3.436973633,15.7,8.2,202,15.8,8.4,178,157,76,208,158,72,319,0.00511
43,0,1,0,0,0,0,1,2331,2,2,2,75,5.257953733,3.3270369,2.575953667,1.490694767,15.1,7.5,279,15.3,7.4,338,154,81,246,157,82,202,0.00511
44,0,1,0,0,0,0,1,2331,2,2,2,75,1.4239568,1.525121867,2.274113467,3.697183533,15.4,8.1,246,15.7,8.2,202,158,84,178,157,76,208,0.00511
45,0,1,0,0,0,0,1,2044,12,2,2,72,4.457345197,1.402927133,1.4770781,2.8522697,16.8,7.7,240,17.4,8.2,185,171,85,120,169,84,117,0.00548
46,0,1,0,0,0,0,1,2331,2,2,2,75,1.153097667,3.406423733,1.835415797,5.083606533,15.8,8.2,151,15.4,8.1,129,152,77,179,151,75,279,0.00556
47,1,1,0,0,0,0,1,2349,32,2,3,70,3.7957019,2.708897967,1.2617441,1.090431367,15,7.4,342,15.2,8.1,245,153,81,200,155,84,180,0.00558
48,0,1,0,0,0,0,1,2331,2,2,2,75,1.4904492,1.006705167,3.559744267,4.7913762,15.7,8.2,202,15.8,8.4,178,157,76,208,158,72,319,0.00578
49,1,1,0,0,0,0,1,2349,32,2,3,70,3.903979867,2.917317467,1.2237038,1.247233167,15,7.4,342,15.2,8.1,245,153,81,200,155,84,180,0.00588
50,0,1,0,0,0,0,1,2331,2,2,2,75,2.684447167,2.14139663,2.974089567,5.802360733,15.8,8.2,151,15.4,8.1,129,152,77,179,151,75,279,0.00622
51,0,1,0,0,0,0,1,2331,2,2,2,75,5.534138133,3.317145467,1.5532944,1.529360067,15.1,7.5,279,15.3,7.4,338,154,81,246,157,82,202,0.00622
52,0,1,0,0,0,0,1,2331,2,2,2,75,1.159302133,2.023279833,2.413778367,2.965743163,15.9,7.9,219,15.8,8.2,151,154,81,129,152,77,179,0.00644
53,1,1,0,0,0,0,1,2349,32,2,3,70,4.490317233,4.691298067,2.901512867,1.3218506,15,7.4,283,15,7.4,342,152,81,245,153,81,200,0.00647
54,0,1,0,0,0,0,1,2331,2,2,2,75,2.8474857,2.230362067,1.522791967,1.438878,15.3,7.4,338,15.4,8.1,246,157,82,202,158,84,178,0.00667
55,0,1,0,0,0,0,1,2331,2,2,2,75,1.490694767,1.018937,4.036146067,4.423865,15.7,8.2,202,15.8,8.4,178,157,76,208,158,72,319,0.00667
56,0,1,0,0,0,0,1,2331,2,2,2,75,3.198423433,0.505885133,3.169303,1.818941397,15.9,7.9,219,15.8,8.2,151,154,81,129,152,77,179,0.00667
57,0,1,0,0,0,0,1,2331,2,2,2,75,3.7957019,2.708897967,1.2617441,1.090431367,15.3,7.4,338,15.4,8.1,246,157,82,202,158,84,178,0.00689
58,0,1,0,0,0,0,1,2331,2,2,2,75,5.2650614,2.840483367,1.2854127,1.617256367,15.3,7.4,338,15.4,8.1,246,157,82,202,158,84,178,0.00711
59,0,1,0,0,0,0,1,2331,2,2,2,75,1.125383167,4.006805267,4.5879162,3.550940333,15.8,8.4,178,15.7,7.6,208,158,72,319,153,74,280,0.00711
60,0,1,0,0,0,0,1,2331,2,2,2,75,1.292576267,3.525988867,4.457657933,3.145616267,15.8,8.4,178,15.7,7.6,208,158,72,319,153,74,280,0.00711
61,1,1,0,0,0,0,1,2399,50,2,2,75,1.0209854,2.4495012,0.933311,3.7724877,14.7,7.7,205,14.6,8,144,140,79,121,140,75,153,0.0075
62,0,1,0,0,0,0,1,2331,2,2,2,75,3.903979867,2.917317467,1.2237038,1.247233167,15.3,7.4,338,15.4,8.1,246,157,82,202,158,84,178,0.00756
63,0,1,0,0,0,0,1,2331,2,2,2,75,1.594145567,3.539792667,3.266171933,4.096487167,15.8,8.4,178,15.7,7.6,208,158,72,319,153,74,280,0.00756
64,0,1,0,0,0,0,1,2044,12,2,2,72,4.4940516,1.006065133,2.638219167,2.034713133,16.8,7.7,240,17.4,8.2,185,171,85,120,169,84,117,0.00762
65,1,1,0,0,0,0,1,2349,32,2,3,70,1.153097667,3.406423733,1.835415797,5.083606533,15.5,8.1,155,15.1,8.1,130,151,76,181,150,74,283,0.00764
66,1,1,0,0,0,0,1,2349,32,2,3,70,0.534587333,3.4449317,1.725711397,4.740146933,15.5,8.1,155,15.1,8.1,130,151,76,181,150,74,283,0.00781
67,0,1,0,0,0,0,1,2044,12,2,2,72,3.198423433,0.505885133,3.169303,1.818941397,17.4,8.2,185,17.1,8.5,120,169,84,117,166,79,148,0.00786
68,1,1,0,0,0,0,1,2349,32,2,3,70,2.813581467,1.3125403,1.636085967,2.9168064,15.2,8.1,245,15.3,8.1,200,155,84,180,155,76,210,0.00794
69,1,1,0,0,0,0,1,2349,32,2,3,70,2.473164767,1.554052767,1.1462866,3.789316867,15.2,8.1,245,15.3,8.1,200,155,84,180,155,76,210,0.00794
70,1,1,0,0,0,0,1,2267,7,2,3,70,4.301429837,0.8322731,2.797930767,1.318521933,14.5,7.4,285,15.2,7.9,222,151,82,159,147,81,129,0.00806
71,1,1,0,0,0,0,1,2399,50,2,2,75,2.76698307,0.6068297,2.6792023,1.2929211,14.7,7.7,205,14.6,8,144,140,79,121,140,75,153,0.00833
72,1,1,0,0,0,0,1,2349,32,2,3,70,5.2310603,4.181314163,4.055107833,0.543171333,15.5,7.6,210,15.5,7.2,321,151,74,286,157,79,222,0.00882
73,1,1,0,0,0,0,1,2349,32,2,3,70,2.646952867,1.3789345,1.023490667,3.530178667,15.2,8.1,245,15.3,8.1,200,155,84,180,155,76,210,0.00882
74,1,1,0,0,0,0,1,2349,32,2,3,70,2.915040567,1.2986223,1.268334367,3.456328267,15.2,8.1,245,15.3,8.1,200,155,84,180,155,76,210,0.00911
75,0,1,0,0,0,0,1,2331,2,2,2,75,1.529360067,1.6490497,4.1522457,4.678530467,15.7,8.2,202,15.8,8.4,178,157,76,208,158,72,319,0.00956
76,0,1,0,0,0,0,1,2331,2,2,2,75,1.4509891,4.008026667,4.7970986,2.961126137,15.8,8.4,178,15.7,7.6,208,158,72,319,153,74,280,0.00956
77,1,1,0,0,0,0,1,2349,32,2,3,70,1.159302133,2.023279833,2.413778367,2.965743163,15.7,7.9,222,15.5,8.1,155,151,81,130,151,76,181,0.0097
78,1,1,0,0,0,0,1,2267,7,2,3,70,4.348167637,1.0769726,2.238519067,1.506844533,14.5,7.4,285,15.2,7.9,222,151,82,159,147,81,129,0.00972
79,0,1,0,0,0,0,1,2331,2,2,2,75,2.023279833,2.313193067,2.344093397,5.4789364,15.8,8.2,151,15.4,8.1,129,152,77,179,151,75,279,0.00978
80,1,1,0,0,0,0,1,2399,50,2,2,75,5.0158663,2.190063803,0.6068297,2.7578684,13.6,7.1,262,14.7,7.7,205,146,80,144,140,79,121,0.01
81,1,1,0,0,0,0,1,2399,50,2,2,75,3.968995167,4.292757037,0.9716618,2.6448663,14.6,6.8,267,13.6,7.1,262,147,77,205,146,80,144,0.01
82,1,1,0,0,0,0,1,2399,50,2,2,75,4.533158503,1.3210617,2.6905464,0.7731012,13.6,7.1,262,14.7,7.7,205,146,80,144,140,79,121,0.01
83,1,1,0,0,0,0,1,2399,50,2,2,75,1.443691903,2.3672277,1.0413261,1.8893692,14.7,7.7,205,14.6,8,144,140,79,121,140,75,153,0.01
84,0,1,0,0,0,0,1,2044,12,2,2,72,5.443573763,2.167143333,0.484059133,3.352851,16.8,7.7,240,17.4,8.2,185,171,85,120,169,84,117,0.01
85,0,1,0,0,0,0,1,2044,12,2,2,72,5.12286273,1.376048667,0.8431986,3.685684733,16.8,7.7,240,17.4,8.2,185,171,85,120,169,84,117,0.01024
86,1,1,0,0,0,0,1,2349,32,2,3,70,2.023279833,2.313193067,2.344093397,5.4789364,15.5,8.1,155,15.1,8.1,130,151,76,181,150,74,283,0.01058
87,1,1,0,0,0,0,1,2349,32,2,3,70,4.265030633,5.584259563,1.937060533,0.487284333,15.5,7.2,321,15.1,7.4,286,157,79,222,155,81,155,0.01058
88,1,1,0,0,0,0,1,2399,50,2,2,75,3.5194093,4.842832003,0.7978989,2.8398553,14.6,6.8,267,13.6,7.1,262,147,77,205,146,80,144,0.01083
89,1,1,0,0,0,0,1,2399,50,2,2,75,4.7471222,5.1943872,1.871782703,0.8510077,14.6,6.8,267,13.6,7.1,262,147,77,205,146,80,144,0.01083
90,0,1,0,0,0,0,1,2331,2,2,2,75,1.385043767,0.8442071,3.424325433,1.711834997,15.9,7.9,219,15.8,8.2,151,154,81,129,152,77,179,0.01111
91,1,1,0,0,0,0,1,2349,32,2,3,70,4.4940516,1.006065133,2.638219167,2.034713133,15.1,7.4,286,15.7,7.9,222,155,81,155,151,81,130,0.01117
92,1,1,0,0,0,0,1,2349,32,2,3,70,2.684447167,2.14139663,2.974089567,5.802360733,15.5,8.1,155,15.1,8.1,130,151,76,181,150,74,283,0.01117
93,1,1,0,0,0,0,1,2349,32,2,3,70,3.341887267,5.762997433,3.188047567,1.4425326,15.1,7.6,181,15,7.4,283,150,74,342,152,81,245,0.01146
94,1,1,0,0,0,0,1,2267,7,2,3,70,1.889931767,2.040025533,2.221906233,6.182176,15.1,8.2,159,14.7,8.1,129,146,77,180,145,74,286,0.01167
95,1,1,0,0,0,0,1,2349,32,2,3,70,2.8474857,2.230362067,1.522791967,1.438878,15,7.4,342,15.2,8.1,245,153,81,200,155,84,180,0.01176
96,1,0,0,1,0,0,0,1960,14,3,2,64,1.6196872,1.858177233,3.979479267,0.7303236,17.3,9.7,54,17.4,9.3,162,176,92,202,174,93,161,0.0119
97,1,0,0,1,0,0,0,1960,14,3,2,64,1.4639445,2.991369667,2.985789233,0.4490539,17.3,9.7,54,17.4,9.3,162,176,92,202,174,93,161,0.0119
98,0,1,0,0,0,0,1,2044,12,2,2,72,4.117828233,5.01621643,1.275835533,0.978936467,17,7.5,278,16.8,7.7,240,174,82,185,171,85,120,0.0119
99,0,1,0,0,0,0,1,2044,12,2,2,72,1.385043767,0.8442071,3.424325433,1.711834997,17.4,8.2,185,17.1,8.5,120,169,84,117,166,79,148,0.01214
100,1,1,0,0,0,0,1,2349,32,2,3,70,5.443573763,2.167143333,0.484059133,3.352851,15.1,7.4,286,15.7,7.9,222,155,81,155,151,81,130,0.01235
101,0,1,0,0,0,0,1,2331,2,2,2,75,4.4940516,1.006065133,2.638219167,2.034713133,15.3,7.4,280,15.9,7.9,219,158,82,151,154,81,129,0.01244
102,1,1,0,0,0,0,1,2399,50,2,2,75,5.905670167,4.392299733,3.25103167,0.6241094,14.5,7.3,175,14.6,6.8,267,136,71,262,147,77,205,0.0125
103,1,1,0,0,0,0,1,2399,50,2,2,75,3.337833667,4.235029537,0.7032616,2.6039221,14.6,6.8,267,13.6,7.1,262,147,77,205,146,80,144,0.0125
104,1,1,0,0,0,0,1,2399,50,2,2,75,4.552767603,1.0586177,2.6101216,0.672852,13.6,7.1,262,14.7,7.7,205,146,80,144,140,79,121,0.0125
105,1,1,0,0,0,0,1,2349,32,2,3,70,0.505885133,3.044595,1.852282097,3.383248567,15.7,7.9,222,15.5,8.1,155,151,81,130,151,76,181,0.01293
106,0,1,0,0,0,0,1,2331,2,2,2,75,4.457345197,1.402927133,1.4770781,2.8522697,15.3,7.4,280,15.9,7.9,219,158,82,151,154,81,129,0.01311
107,0,1,0,0,0,0,1,2331,2,2,2,75,3.822440167,4.8146157,3.426696733,3.656759637,15.7,7.6,208,15.8,7.2,319,153,74,280,159,79,219,0.01311
108,0,1,0,0,0,0,1,2331,2,2,2,75,0.534587333,3.4449317,1.725711397,4.740146933,15.8,8.2,151,15.4,8.1,129,152,77,179,151,75,279,0.01314
109,1,1,0,0,0,0,1,2349,32,2,3,70,3.050345563,5.6671639,2.930285633,2.361684267,15.1,7.6,181,15,7.4,283,150,74,342,152,81,245,0.01323
110,1,1,0,0,0,0,1,2349,32,2,3,70,4.117828233,5.01621643,1.275835533,0.978936467,15.5,7.2,321,15.1,7.4,286,157,79,222,155,81,155,0.01352
111,0,1,0,0,0,0,1,2331,2,2,2,75,3.587651997,4.5636563,0.681857633,2.638219167,15.8,7.2,319,15.3,7.4,280,159,79,219,158,82,151,0.01356
112,0,1,0,0,0,0,1,2331,2,2,2,75,3.467805067,3.894923967,3.681143333,4.69856237,15.7,7.6,208,15.8,7.2,319,153,74,280,159,79,219,0.01356
113,0,1,0,0,0,0,1,2331,2,2,2,75,3.766939667,5.1590607,3.039027833,3.319416237,15.7,7.6,208,15.8,7.2,319,153,74,280,159,79,219,0.01422
114,0,1,0,0,0,0,1,2331,2,2,2,75,3.401254767,2.907155333,4.404803667,3.214887937,15.8,8.4,178,15.7,7.6,208,158,72,319,153,74,280,0.01444
115,0,1,0,0,0,0,1,2044,12,2,2,72,3.587651997,4.5636563,0.681857633,2.638219167,17,7.5,278,16.8,7.7,240,174,82,185,171,85,120,0.01452
116,0,1,0,0,0,0,1,2331,2,2,2,75,4.316876867,4.331336997,1.321534233,2.024288333,15.8,7.2,319,15.3,7.4,280,159,79,219,158,82,151,0.01467
117,1,1,0,0,0,0,1,2349,32,2,3,70,3.198423433,0.505885133,3.169303,1.818941397,15.7,7.9,222,15.5,8.1,155,151,81,130,151,76,181,0.01499
118,1,1,0,0,0,0,1,2349,32,2,3,70,4.457345197,1.402927133,1.4770781,2.8522697,15.1,7.4,286,15.7,7.9,222,155,81,155,151,81,130,0.01499
119,1,1,0,0,0,0,1,2267,7,2,3,70,4.491263237,1.2143429,1.877478467,1.9971631,14.5,7.4,285,15.2,7.9,222,151,82,159,147,81,129,0.015
120,0,1,0,0,0,0,1,2044,12,2,2,72,4.316876867,4.331336997,1.321534233,2.024288333,17,7.5,278,16.8,7.7,240,174,82,185,171,85,120,0.015
121,1,1,0,0,0,0,1,2349,32,2,3,70,5.12286273,1.376048667,0.8431986,3.685684733,15.1,7.4,286,15.7,7.9,222,155,81,155,151,81,130,0.01529
122,1,1,0,0,0,0,1,2349,32,2,3,70,4.316876867,4.331336997,1.321534233,2.024288333,15.5,7.2,321,15.1,7.4,286,157,79,222,155,81,155,0.01558
123,1,1,0,0,0,0,1,2349,32,2,3,70,3.587651997,4.5636563,0.681857633,2.638219167,15.5,7.2,321,15.1,7.4,286,157,79,222,155,81,155,0.01558
124,1,1,0,0,0,0,1,2349,32,2,3,70,1.385043767,0.8442071,3.424325433,1.711834997,15.7,7.9,222,15.5,8.1,155,151,81,130,151,76,181,0.01558
125,1,1,0,0,0,0,1,2267,7,2,3,70,4.108383367,4.079069437,1.0548264,2.443666767,15,7.1,306,14.5,7.4,285,152,79,222,151,82,159,0.01583
126,0,1,0,0,0,0,1,2331,2,2,2,75,5.12286273,1.376048667,0.8431986,3.685684733,15.3,7.4,280,15.9,7.9,219,158,82,151,154,81,129,0.016
127,1,1,0,0,0,0,1,2326,16,2,3,80,1.4904492,1.006705167,3.559744267,4.7913762,15.7,8.2,202,15.8,8.4,178,157,76,208,158,72,319,0.01667
128,1,1,0,0,0,0,1,2326,16,2,3,80,1.490694767,1.018937,4.036146067,4.423865,15.7,8.2,202,15.8,8.4,178,157,76,208,158,72,319,0.01667
129,1,1,0,0,0,0,1,2378,37,2,3,70,3.761441533,4.484624367,3.403351537,3.3075418,14.8,7.6,224,14.9,7.2,333,142,75,314,150,79,233,0.01667
130,1,1,0,0,0,0,1,2326,16,2,3,80,4.265030633,5.584259563,1.937060533,0.487284333,15.8,7.2,319,15.3,7.4,280,159,79,219,158,82,151,0.01724
131,1,1,0,0,0,0,1,2326,16,2,3,80,1.594145567,3.539792667,3.266171933,4.096487167,15.8,8.4,178,15.7,7.6,208,158,72,319,153,74,280,0.01724
132,1,1,0,0,0,0,1,2399,50,2,2,75,4.353446537,0.8699273,2.6039221,1.0932807,13.6,7.1,262,14.7,7.7,205,146,80,144,140,79,121,0.0175
133,1,1,0,0,0,0,1,2349,32,2,3,70,1.571172597,4.988865433,4.342229967,2.916058067,15.1,7.6,181,15,7.4,283,150,74,342,152,81,245,0.01822
134,1,1,0,0,0,0,1,2267,7,2,3,70,4.001938967,4.627540737,0.9220555,1.953756367,15,7.1,306,14.5,7.4,285,152,79,222,151,82,159,0.01833
135,1,1,0,0,0,0,1,2326,16,2,3,80,5.2310603,4.181314163,4.055107833,0.543171333,15.7,7.6,208,15.8,7.2,319,153,74,280,159,79,219,0.01839
136,1,1,0,0,0,0,1,2267,7,2,3,70,0.5340714,2.882224167,1.433572033,3.8627625,15.2,7.9,222,15.1,8.2,159,147,81,129,146,77,180,0.01889
137,1,1,0,0,0,0,1,2326,16,2,3,80,4.117828233,5.01621643,1.275835533,0.978936467,15.8,7.2,319,15.3,7.4,280,159,79,219,158,82,151,0.01897
138,0,1,0,0,0,0,1,2331,2,2,2,75,4.265030633,5.584259563,1.937060533,0.487284333,15.8,7.2,319,15.3,7.4,280,159,79,219,158,82,151,0.01911
139,1,1,0,0,0,0,1,2267,7,2,3,70,3.182956767,4.219902837,0.670554,2.798946367,15,7.1,306,14.5,7.4,285,152,79,222,151,82,159,0.01917
140,0,1,0,0,0,0,1,2044,12,2,2,72,4.265030633,5.584259563,1.937060533,0.487284333,17,7.5,278,16.8,7.7,240,174,82,185,171,85,120,0.01929
141,0,1,0,0,0,0,1,2331,2,2,2,75,5.443573763,2.167143333,0.484059133,3.352851,15.3,7.4,280,15.9,7.9,219,158,82,151,154,81,129,0.01956
142,1,1,0,0,0,0,1,2349,32,2,3,70,1.678501397,3.527466167,5.837297633,2.903907367,15.1,7.6,181,15,7.4,283,150,74,342,152,81,245,0.01969
143,1,0,0,1,0,0,0,1960,14,3,2,64,1.858177233,3.979479267,0.7303236,6.248,17.4,9.3,162,17.6,9.2,202,174,93,161,172,92,148,0.01984
144,1,1,0,0,0,0,1,2267,7,2,3,70,1.0697013,2.318575767,1.513022633,3.6629523,15.2,7.9,222,15.1,8.2,159,147,81,129,146,77,180,0.02
145,1,1,0,0,0,0,1,2349,32,2,3,70,2.7909908,2.080983197,5.3748122,3.8231898,15.1,8.1,130,15.1,7.6,181,150,74,283,150,74,342,0.02087
146,0,1,0,0,0,0,1,2331,2,2,2,75,4.117828233,5.01621643,1.275835533,0.978936467,15.8,7.2,319,15.3,7.4,280,159,79,219,158,82,151,0.02133
147,0,1,0,0,0,0,1,2331,2,2,2,75,5.2310603,4.181314163,4.055107833,0.543171333,15.7,7.6,208,15.8,7.2,319,153,74,280,159,79,219,0.02156
148,1,1,0,0,0,0,1,2349,32,2,3,70,1.973482197,4.968935433,4.172439767,2.637404067,15.1,7.6,181,15,7.4,283,150,74,342,152,81,245,0.02205
149,1,1,0,0,0,0,1,2349,32,2,3,70,3.352851,1.760601497,4.2564051,5.2685029,15.1,8.1,130,15.1,7.6,181,150,74,283,150,74,342,0.02234
150,1,1,0,0,0,0,1,2267,7,2,3,70,1.080245767,2.5443995,1.483826433,5.7874228,15.1,8.2,159,14.7,8.1,129,146,77,180,145,74,286,0.0231
151,1,1,0,0,0,0,1,2349,32,2,3,70,3.400791433,1.587395297,5.578074733,3.818012967,15.1,8.1,130,15.1,7.6,181,150,74,283,150,74,342,0.0241
152,1,1,0,0,0,0,1,2267,7,2,3,70,4.5365731,4.796934133,1.88491047,0.7095581,15,7.1,306,14.5,7.4,285,152,79,222,151,82,159,0.02417
153,1,1,0,0,0,0,1,2378,37,2,3,70,3.766939667,5.1590607,3.039027833,3.319416237,14.8,7.6,224,14.9,7.2,333,142,75,314,150,79,233,0.02444
154,1,1,0,0,0,0,1,2378,37,2,3,70,4.265030633,5.584259563,1.937060533,0.487284333,14.9,7.2,333,14.2,7.5,314,150,79,233,148,81,164,0.02444
155,1,1,0,0,0,0,1,2349,32,2,3,70,2.05965613,3.012508667,5.817395433,2.8541115,15.1,8.1,130,15.1,7.6,181,150,74,283,150,74,342,0.02499
156,1,1,0,0,0,0,1,2267,7,2,3,70,1.262755603,1.587021767,2.1367506,1.641850133,15.2,7.9,222,15.1,8.2,159,147,81,129,146,77,180,0.025
157,1,1,0,0,0,0,1,2378,37,2,3,70,5.257953733,3.3270369,2.575953667,1.490694767,14.3,7.4,294,14.3,7.3,359,146,80,248,147,81,204,0.02667
158,1,1,0,0,0,0,1,2378,37,2,3,70,4.316876867,4.331336997,1.321534233,2.024288333,14.9,7.2,333,14.2,7.5,314,150,79,233,148,81,164,0.02667
159,1,0,0,1,0,0,0,1960,14,3,2,64,1.4694094,2.858602567,2.564875533,4.8050539,17.4,9.3,162,17.6,9.2,202,174,93,161,172,92,148,0.02778
160,1,1,0,0,0,0,1,2378,37,2,3,70,3.822440167,4.8146157,3.426696733,3.656759637,14.8,7.6,224,14.9,7.2,333,142,75,314,150,79,233,0.02778
161,1,1,0,0,0,0,1,2378,37,2,3,70,5.2310603,4.181314163,4.055107833,0.543171333,14.8,7.6,224,14.9,7.2,333,142,75,314,150,79,233,0.02778
162,1,1,0,0,0,0,1,2378,37,2,3,70,2.023279833,2.313193067,2.344093397,5.4789364,14.8,8.1,164,14.5,8,131,144,76,187,143,74,294,0.02778
163,1,1,0,0,0,0,1,2378,37,2,3,70,2.684447167,2.14139663,2.974089567,5.802360733,14.8,8.1,164,14.5,8,131,144,76,187,143,74,294,0.02778
164,1,1,0,0,0,0,1,2326,16,2,3,80,1.529360067,1.6490497,4.1522457,4.678530467,15.7,8.2,202,15.8,8.4,178,157,76,208,158,72,319,0.02816
165,0,1,0,0,0,0,1,2044,12,2,2,72,5.2310603,4.181314163,4.055107833,0.543171333,16.9,7.9,188,17,7.5,278,168,77,240,174,82,185,0.02857
166,1,1,0,0,0,0,1,2378,37,2,3,70,2.473164767,1.554052767,1.1462866,3.789316867,14.6,8,248,14.7,8.1,204,149,84,197,148,76,224,0.02889
167,1,1,0,0,0,0,1,2378,37,2,3,70,1.153097667,3.406423733,1.835415797,5.083606533,14.8,8.1,164,14.5,8,131,144,76,187,143,74,294,0.02889
168,1,1,0,0,0,0,1,2378,37,2,3,70,5.083606533,3.991674767,2.857289267,1.4100636,14.3,7.4,294,14.3,7.3,359,146,80,248,147,81,204,0.02889
169,1,1,0,0,0,0,1,2326,16,2,3,80,3.341887267,5.762997433,3.188047567,1.4425326,15.2,7.7,179,15.1,7.5,279,153,74,338,154,81,246,0.02931
170,1,1,0,0,0,0,1,2326,16,2,3,80,4.490317233,4.691298067,2.901512867,1.3218506,15.1,7.5,279,15.3,7.4,338,154,81,246,157,82,202,0.02931
171,1,1,0,0,0,0,1,2326,16,2,3,80,4.316876867,4.331336997,1.321534233,2.024288333,15.8,7.2,319,15.3,7.4,280,159,79,219,158,82,151,0.02931
172,1,1,0,0,0,0,1,2267,7,2,3,70,5.319802933,4.161935667,3.310054837,0.5520974,15,7.6,200,15,7.1,306,145,74,285,152,79,222,0.02972
173,1,1,0,0,0,0,1,2326,16,2,3,80,1.4239568,1.525121867,2.274113467,3.697183533,15.4,8.1,246,15.7,8.2,202,158,84,178,157,76,208,0.02989
174,1,1,0,0,0,0,1,2378,37,2,3,70,2.813581467,1.3125403,1.636085967,2.9168064,14.6,8,248,14.7,8.1,204,149,84,197,148,76,224,0.03
175,1,1,0,0,0,0,1,2378,37,2,3,70,4.117828233,5.01621643,1.275835533,0.978936467,14.9,7.2,333,14.2,7.5,314,150,79,233,148,81,164,0.03
176,1,1,0,0,0,0,1,2378,37,2,3,70,3.352851,1.760601497,4.2564051,5.2685029,14.5,8,131,14.4,7.6,187,143,74,294,143,73,359,0.03111
177,1,1,0,0,0,0,1,2326,16,2,3,80,1.4504941,1.279280867,3.553902267,3.436973633,15.7,8.2,202,15.8,8.4,178,157,76,208,158,72,319,0.03161
178,1,1,0,0,0,0,1,2326,16,2,3,80,1.292576267,3.525988867,4.457657933,3.145616267,15.8,8.4,178,15.7,7.6,208,158,72,319,153,74,280,0.03161
179,1,1,0,0,0,0,1,1297,12,1,2,75,3.907813333,3.784627033,2.896154867,2.284881733,22.7,10.3,176,23.1,9.6,263,230,103,247,234,113,182,0.03333
180,1,1,0,0,0,0,1,1297,12,1,2,75,3.306347867,3.305563967,2.668204,3.842388133,22.7,10.3,176,23.1,9.6,263,230,103,247,234,113,182,0.03333
181,1,1,0,0,0,0,1,2326,16,2,3,80,2.023279833,2.313193067,2.344093397,5.4789364,15.8,8.2,151,15.4,8.1,129,152,77,179,151,75,279,0.03391
182,1,1,0,0,0,0,1,2378,37,2,3,70,3.400791433,1.587395297,5.578074733,3.818012967,14.5,8,131,14.4,7.6,187,143,74,294,143,73,359,0.03444
183,1,1,0,0,0,0,1,2378,37,2,3,70,0.534587333,3.4449317,1.725711397,4.740146933,14.8,8.1,164,14.5,8,131,144,76,187,143,74,294,0.03524
184,1,1,0,0,0,0,1,2326,16,2,3,80,3.050345563,5.6671639,2.930285633,2.361684267,15.2,7.7,179,15.1,7.5,279,153,74,338,154,81,246,0.03563
185,1,1,0,0,0,0,1,2326,16,2,3,80,1.973482197,4.968935433,4.172439767,2.637404067,15.2,7.7,179,15.1,7.5,279,153,74,338,154,81,246,0.03563
186,1,1,0,0,0,0,1,2326,16,2,3,80,1.153097667,3.406423733,1.835415797,5.083606533,15.8,8.2,151,15.4,8.1,129,152,77,179,151,75,279,0.03621
187,1,1,0,0,0,0,1,2326,16,2,3,80,5.083606533,3.991674767,2.857289267,1.4100636,15.1,7.5,279,15.3,7.4,338,154,81,246,157,82,202,0.03793
188,1,1,0,0,0,0,1,2326,16,2,3,80,0.534587333,3.4449317,1.725711397,4.740146933,15.8,8.2,151,15.4,8.1,129,152,77,179,151,75,279,0.03793
189,1,1,0,0,0,0,1,2326,16,2,3,80,1.571172597,4.988865433,4.342229967,2.916058067,15.2,7.7,179,15.1,7.5,279,153,74,338,154,81,246,0.03793
190,1,1,0,0,0,0,1,2378,37,2,3,70,5.2650614,2.840483367,1.2854127,1.617256367,14.3,7.3,359,14.6,8,248,147,81,204,149,84,197,0.03889
191,1,1,0,0,0,0,1,2378,37,2,3,70,2.8474857,2.230362067,1.522791967,1.438878,14.3,7.3,359,14.6,8,248,147,81,204,149,84,197,0.03889
192,1,1,0,0,0,0,1,2326,16,2,3,80,1.4509891,4.008026667,4.7970986,2.961126137,15.8,8.4,178,15.7,7.6,208,158,72,319,153,74,280,0.03966
193,1,1,0,0,0,0,1,2326,16,2,3,80,3.587651997,4.5636563,0.681857633,2.638219167,15.8,7.2,319,15.3,7.4,280,159,79,219,158,82,151,0.0408
194,1,1,0,0,0,0,1,2326,16,2,3,80,2.05965613,3.012508667,5.817395433,2.8541115,15.4,8.1,129,15.2,7.7,179,151,75,279,153,74,338,0.0408
195,1,1,0,0,0,0,1,2326,16,2,3,80,5.443573763,2.167143333,0.484059133,3.352851,15.3,7.4,280,15.9,7.9,219,158,82,151,154,81,129,0.04368
196,1,1,0,0,0,0,1,2378,37,2,3,70,2.915040567,1.2986223,1.268334367,3.456328267,14.6,8,248,14.7,8.1,204,149,84,197,148,76,224,0.04444
197,1,1,0,0,0,0,1,2326,16,2,3,80,1.125383167,4.006805267,4.5879162,3.550940333,15.8,8.4,178,15.7,7.6,208,158,72,319,153,74,280,0.04483
198,1,1,0,0,0,0,1,2307,36,2,3,70,4.265030633,5.584259563,1.937060533,0.487284333,14.9,7.2,333,14.2,7.5,314,150,79,233,148,81,164,0.04524
199,1,1,0,0,0,0,1,2378,37,2,3,70,5.443573763,2.167143333,0.484059133,3.352851,14.2,7.5,314,15,7.9,233,148,81,164,145,80,131,0.04556
200,1,1,0,0,0,0,1,2378,37,2,3,70,3.467805067,3.894923967,3.681143333,4.69856237,14.8,7.6,224,14.9,7.2,333,142,75,314,150,79,233,0.04556
201,1,0,0,1,0,0,0,2040,8,3,2,63,1.4639445,2.991369667,2.985789233,0.4490539,17.3,9.7,54,17.4,9.3,162,176,92,202,174,93,161,0.04613
202,1,1,0,0,0,0,1,2326,16,2,3,80,1.678501397,3.527466167,5.837297633,2.903907367,15.2,7.7,179,15.1,7.5,279,153,74,338,154,81,246,0.04655
203,1,1,0,0,0,0,1,2326,16,2,3,80,5.257953733,3.3270369,2.575953667,1.490694767,15.1,7.5,279,15.3,7.4,338,154,81,246,157,82,202,0.04655
204,1,1,0,0,0,0,1,2378,37,2,3,70,0.505885133,3.044595,1.852282097,3.383248567,15,7.9,233,14.8,8.1,164,145,80,131,144,76,187,0.04667
205,1,1,0,0,0,0,1,2326,16,2,3,80,5.12286273,1.376048667,0.8431986,3.685684733,15.3,7.4,280,15.9,7.9,219,158,82,151,154,81,129,0.04713
206,1,0,0,1,0,0,0,1960,14,3,2,64,2.991369667,2.985789233,0.4490539,6.348,17.4,9.3,162,17.6,9.2,202,174,93,161,172,92,148,0.04762
207,1,0,0,1,0,0,0,2040,8,3,2,63,1.4694094,2.858602567,2.564875533,4.8050539,17.4,9.3,162,17.6,9.2,202,174,93,161,172,92,148,0.04762
208,1,0,0,1,0,0,0,2040,8,3,2,63,6.348,7.576,10.1728177,7.616607967,17.1,9.2,145,16.6,8.6,211,165,85,296,169,95,266,0.04762
209,1,1,0,0,0,0,1,2326,16,2,3,80,3.400791433,1.587395297,5.578074733,3.818012967,15.4,8.1,129,15.2,7.7,179,151,75,279,153,74,338,0.0477
210,1,1,0,0,0,0,1,2378,37,2,3,70,2.646952867,1.3789345,1.023490667,3.530178667,14.6,8,248,14.7,8.1,204,149,84,197,148,76,224,0.04778
211,1,1,0,0,0,0,1,2326,16,2,3,80,4.4940516,1.006065133,2.638219167,2.034713133,15.3,7.4,280,15.9,7.9,219,158,82,151,154,81,129,0.04828
212,1,1,0,0,0,0,1,2378,37,2,3,70,4.490317233,4.691298067,2.901512867,1.3218506,14.3,7.4,294,14.3,7.3,359,146,80,248,147,81,204,0.04889
213,1,0,0,1,0,0,0,2040,8,3,2,63,1.6196872,1.858177233,3.979479267,0.7303236,17.3,9.7,54,17.4,9.3,162,176,92,202,174,93,161,0.04911
214,1,1,0,0,0,0,1,2326,16,2,3,80,2.7909908,2.080983197,5.3748122,3.8231898,15.4,8.1,129,15.2,7.7,179,151,75,279,153,74,338,0.04943
215,1,1,0,0,0,0,1,2307,36,2,3,70,4.117828233,5.01621643,1.275835533,0.978936467,14.9,7.2,333,14.2,7.5,314,150,79,233,148,81,164,0.05
216,1,1,0,0,0,0,1,2378,37,2,3,70,4.457345197,1.402927133,1.4770781,2.8522697,14.2,7.5,314,15,7.9,233,148,81,164,145,80,131,0.05
217,1,0,0,1,0,0,0,2040,8,3,2,63,2.991369667,2.985789233,0.4490539,6.348,17.4,9.3,162,17.6,9.2,202,174,93,161,172,92,148,0.0506
218,1,1,0,0,0,0,1,2378,37,2,3,70,5.534138133,3.317145467,1.5532944,1.529360067,14.3,7.4,294,14.3,7.3,359,146,80,248,147,81,204,0.05111
219,1,1,0,0,0,0,1,2378,37,2,3,70,3.050345563,5.6671639,2.930285633,2.361684267,14.4,7.6,187,14.3,7.4,294,143,73,359,146,80,248,0.05111
220,1,0,0,1,0,0,0,1960,14,3,2,64,4.3910539,3.882,7.257728033,11.103663,17.2,9.2,148,17.1,9.2,145,166,86,211,165,85,296,0.05159
221,1,1,0,0,0,0,1,2326,16,2,3,80,3.467805067,3.894923967,3.681143333,4.69856237,15.7,7.6,208,15.8,7.2,319,153,74,280,159,79,219,0.05172
222,1,1,0,0,0,0,1,2326,16,2,3,80,2.473164767,1.554052767,1.1462866,3.789316867,15.4,8.1,246,15.7,8.2,202,158,84,178,157,76,208,0.05172
223,1,1,0,0,0,0,1,2378,37,2,3,70,5.12286273,1.376048667,0.8431986,3.685684733,14.2,7.5,314,15,7.9,233,148,81,164,145,80,131,0.05222
224,1,1,0,0,0,0,1,2326,16,2,3,80,2.646952867,1.3789345,1.023490667,3.530178667,15.4,8.1,246,15.7,8.2,202,158,84,178,157,76,208,0.05345
225,1,1,0,0,0,0,1,2326,16,2,3,80,5.534138133,3.317145467,1.5532944,1.529360067,15.1,7.5,279,15.3,7.4,338,154,81,246,157,82,202,0.05345
226,1,0,0,1,0,0,0,2040,8,3,2,63,6.348,4.744,10.76607887,9.8553468,17.2,9.2,148,17.1,9.2,145,166,86,211,165,85,296,0.05506
227,1,0,0,1,0,0,0,2040,8,3,2,63,1.858177233,3.979479267,0.7303236,6.248,17.4,9.3,162,17.6,9.2,202,174,93,161,172,92,148,0.05655
228,1,1,0,0,0,0,1,2378,37,2,3,70,1.385043767,0.8442071,3.424325433,1.711834997,15,7.9,233,14.8,8.1,164,145,80,131,144,76,187,0.05667
229,1,1,0,0,0,0,1,1297,12,1,2,75,3.809017033,4.008915333,2.809415733,2.547786267,22.7,10.3,176,23.1,9.6,263,230,103,247,234,113,182,0.05667
230,1,1,0,0,0,0,1,2378,37,2,3,70,1.4509891,4.008026667,4.7970986,2.961126137,14.9,8.4,197,14.8,7.6,224,149,72,333,142,75,314,0.05778
231,1,1,0,0,0,0,1,2378,37,2,3,70,3.7957019,2.708897967,1.2617441,1.090431367,14.3,7.3,359,14.6,8,248,147,81,204,149,84,197,0.05778
232,1,1,0,0,0,0,1,2378,37,2,3,70,3.341887267,5.762997433,3.188047567,1.4425326,14.4,7.6,187,14.3,7.4,294,143,73,359,146,80,248,0.05778
233,1,1,0,0,0,0,1,2326,16,2,3,80,2.813581467,1.3125403,1.636085967,2.9168064,15.4,8.1,246,15.7,8.2,202,158,84,178,157,76,208,0.05862
234,1,1,0,0,0,0,1,2378,37,2,3,70,3.903979867,2.917317467,1.2237038,1.247233167,14.3,7.3,359,14.6,8,248,147,81,204,149,84,197,0.05889
235,1,1,0,0,0,0,1,2378,37,2,3,70,4.4940516,1.006065133,2.638219167,2.034713133,14.2,7.5,314,15,7.9,233,148,81,164,145,80,131,0.05889
236,1,1,0,0,0,0,1,2326,16,2,3,80,4.457345197,1.402927133,1.4770781,2.8522697,15.3,7.4,280,15.9,7.9,219,158,82,151,154,81,129,0.0592
237,1,0,0,1,0,0,0,1960,14,3,2,64,6.248,4.596,10.51672053,9.1327058,17.2,9.2,148,17.1,9.2,145,166,86,211,165,85,296,0.05952
238,1,1,0,0,0,0,1,2378,37,2,3,70,1.4239568,1.525121867,2.274113467,3.697183533,14.6,8,248,14.7,8.1,204,149,84,197,148,76,224,0.06
239,1,1,0,0,0,0,1,2378,37,2,3,70,3.587651997,4.5636563,0.681857633,2.638219167,14.9,7.2,333,14.2,7.5,314,150,79,233,148,81,164,0.06
240,1,1,0,0,0,0,1,2326,16,2,3,80,3.822440167,4.8146157,3.426696733,3.656759637,15.7,7.6,208,15.8,7.2,319,153,74,280,159,79,219,0.06034
241,1,1,0,0,0,0,1,2326,16,2,3,80,3.766939667,5.1590607,3.039027833,3.319416237,15.7,7.6,208,15.8,7.2,319,153,74,280,159,79,219,0.06034
242,1,1,0,0,0,0,1,2326,16,2,3,80,5.2650614,2.840483367,1.2854127,1.617256367,15.3,7.4,338,15.4,8.1,246,157,82,202,158,84,178,0.06322
243,1,1,0,0,0,0,1,2326,16,2,3,80,2.684447167,2.14139663,2.974089567,5.802360733,15.8,8.2,151,15.4,8.1,129,152,77,179,151,75,279,0.06322
244,1,0,0,1,0,0,0,1960,14,3,2,64,2.935277567,2.609473233,3.4390539,4.406,17.6,9.2,202,17.4,9.3,161,172,92,148,171,92,145,0.06349
245,1,1,0,0,0,0,1,2326,16,2,3,80,3.352851,1.760601497,4.2564051,5.2685029,15.4,8.1,129,15.2,7.7,179,151,75,279,153,74,338,0.06379
246,1,1,0,0,0,0,1,2307,36,2,3,70,4.316876867,4.331336997,1.321534233,2.024288333,14.9,7.2,333,14.2,7.5,314,150,79,233,148,81,164,0.06429
247,1,1,0,0,0,0,1,2378,37,2,3,70,1.4504941,1.279280867,3.553902267,3.436973633,14.7,8.1,204,14.9,8.4,197,148,76,224,149,72,333,0.06444
248,1,1,0,0,0,0,1,2326,16,2,3,80,0.505885133,3.044595,1.852282097,3.383248567,15.9,7.9,219,15.8,8.2,151,154,81,129,152,77,179,0.06552
249,1,1,0,0,0,0,1,2378,37,2,3,70,2.7909908,2.080983197,5.3748122,3.8231898,14.5,8,131,14.4,7.6,187,143,74,294,143,73,359,0.06556
250,1,1,0,0,0,0,1,2378,37,2,3,70,1.159302133,2.023279833,2.413778367,2.965743163,15,7.9,233,14.8,8.1,164,145,80,131,144,76,187,0.06667
251,1,0,0,1,0,0,0,2040,8,3,2,63,6.3102833,3.37,10.0386372,7.588656533,17.2,9.2,148,17.1,9.2,145,166,86,211,165,85,296,0.06696
252,1,1,0,0,0,0,1,2326,16,2,3,80,2.915040567,1.2986223,1.268334367,3.456328267,15.4,8.1,246,15.7,8.2,202,158,84,178,157,76,208,0.06782
253,1,1,0,0,0,0,1,2326,16,2,3,80,2.8474857,2.230362067,1.522791967,1.438878,15.3,7.4,338,15.4,8.1,246,157,82,202,158,84,178,0.06954
254,1,1,0,0,0,0,1,2378,37,2,3,70,3.198423433,0.505885133,3.169303,1.818941397,15,7.9,233,14.8,8.1,164,145,80,131,144,76,187,0.07
255,1,1,0,0,0,0,1,2378,37,2,3,70,3.401254767,2.907155333,4.404803667,3.214887937,14.9,8.4,197,14.8,7.6,224,149,72,333,142,75,314,0.07
256,1,1,0,0,0,0,1,1297,12,1,2,75,3.180076967,2.581937767,3.347164,3.124773533,23,11.4,130,22.7,10.3,176,231,96,263,230,103,247,0.07
257,1,1,0,0,0,0,1,2307,36,2,3,70,3.341887267,5.762997433,3.188047567,1.4425326,14.4,7.6,187,14.3,7.4,294,143,73,359,146,80,248,0.07143
258,1,1,0,0,0,0,1,2307,36,2,3,70,3.587651997,4.5636563,0.681857633,2.638219167,14.9,7.2,333,14.2,7.5,314,150,79,233,148,81,164,0.07381
259,1,1,0,0,0,0,1,2326,16,2,3,80,1.159302133,2.023279833,2.413778367,2.965743163,15.9,7.9,219,15.8,8.2,151,154,81,129,152,77,179,0.07586
260,1,0,0,1,0,0,0,2040,8,3,2,63,2.935277567,2.609473233,3.4390539,4.406,17.6,9.2,202,17.4,9.3,161,172,92,148,171,92,145,0.07589
261,1,0,0,1,0,0,0,2051,11,3,2,67,1.4694094,2.858602567,2.564875533,4.8050539,17.2,9.2,159,17.1,9.1,201,170,93,163,167,91,149,0.07738
262,1,1,0,0,0,0,1,2378,37,2,3,70,1.678501397,3.527466167,5.837297633,2.903907367,14.4,7.6,187,14.3,7.4,294,143,73,359,146,80,248,0.07778
263,1,1,0,0,0,0,1,2326,16,2,3,80,1.385043767,0.8442071,3.424325433,1.711834997,15.9,7.9,219,15.8,8.2,151,154,81,129,152,77,179,0.07816
264,1,1,0,0,0,0,1,2307,36,2,3,70,3.050345563,5.6671639,2.930285633,2.361684267,14.4,7.6,187,14.3,7.4,294,143,73,359,146,80,248,0.07857
265,1,0,0,1,0,0,0,1960,14,3,2,64,3.466876267,1.3041268,6.0431731,3.364,17.6,9.2,202,17.4,9.3,161,172,92,148,171,92,145,0.07937
266,1,1,0,0,0,0,1,2326,16,2,3,80,3.198423433,0.505885133,3.169303,1.818941397,15.9,7.9,219,15.8,8.2,151,154,81,129,152,77,179,0.08161
267,1,1,0,0,0,0,1,2378,37,2,3,70,1.125383167,4.006805267,4.5879162,3.550940333,14.9,8.4,197,14.8,7.6,224,149,72,333,142,75,314,0.08556
268,1,1,0,0,0,0,1,1297,12,1,2,75,0.417022,3.323055067,3.771360667,2.2848943,23,11.4,130,22.7,10.3,176,231,96,263,230,103,247,0.08667
269,1,0,0,1,0,0,0,1960,14,3,2,64,6.4232637,3.22,7.1268142,10.59835483,17.2,9.2,148,17.1,9.2,145,166,86,211,165,85,296,0.0873
270,1,1,0,0,0,0,1,2326,16,2,3,80,3.7957019,2.708897967,1.2617441,1.090431367,15.3,7.4,338,15.4,8.1,246,157,82,202,158,84,178,0.08966
271,1,1,0,0,0,0,1,2326,16,2,3,80,3.903979867,2.917317467,1.2237038,1.247233167,15.3,7.4,338,15.4,8.1,246,157,82,202,158,84,178,0.09253
272,1,1,0,0,0,0,1,1297,12,1,2,75,0.3276777,4.088584333,3.712706733,2.875015833,23,11.4,130,22.7,10.3,176,231,96,263,230,103,247,0.09667
273,1,0,0,1,0,0,0,2040,8,3,2,63,4.7677761,3.468,7.483230533,10.8781605,17.2,9.2,148,17.1,9.2,145,166,86,211,165,85,296,0.09821
274,1,1,0,0,0,0,1,2378,37,2,3,70,1.973482197,4.968935433,4.172439767,2.637404067,14.4,7.6,187,14.3,7.4,294,143,73,359,146,80,248,0.09889
275,1,0,0,1,0,0,0,2040,8,3,2,63,0.4490539,6.584,7.498,10.69884203,17.2,9.2,148,17.1,9.2,145,166,86,211,165,85,296,0.10119
276,1,1,0,0,0,0,1,2378,37,2,3,70,2.05965613,3.012508667,5.817395433,2.8541115,14.5,8,131,14.4,7.6,187,143,74,294,143,73,359,0.10222
277,1,1,0,0,0,0,1,2378,37,2,3,70,1.4904492,1.006705167,3.559744267,4.7913762,14.7,8.1,204,14.9,8.4,197,148,76,224,149,72,333,0.10333
278,1,1,0,0,0,0,1,2326,16,2,3,80,3.401254767,2.907155333,4.404803667,3.214887937,15.8,8.4,178,15.7,7.6,208,158,72,319,153,74,280,0.10402
279,1,1,0,0,0,0,1,2378,37,2,3,70,1.292576267,3.525988867,4.457657933,3.145616267,14.9,8.4,197,14.8,7.6,224,149,72,333,142,75,314,0.10556
280,1,1,0,0,0,0,1,2378,37,2,3,70,1.490694767,1.018937,4.036146067,4.423865,14.7,8.1,204,14.9,8.4,197,148,76,224,149,72,333,0.10667
281,1,0,0,1,0,0,0,1960,14,3,2,64,3.546941767,0.4490539,6.348,6.654,17.6,9.2,202,17.4,9.3,161,172,92,148,171,92,145,0.10714
282,1,1,0,0,0,0,1,2307,36,2,3,70,3.401254767,2.907155333,4.404803667,3.214887937,14.9,8.4,197,14.8,7.6,224,149,72,333,142,75,314,0.10952
283,1,1,0,0,0,0,1,2307,36,2,3,70,5.257953733,3.3270369,2.575953667,1.490694767,14.3,7.4,294,14.3,7.3,359,146,80,248,147,81,204,0.1119
284,1,1,0,0,0,0,1,2378,37,2,3,70,1.571172597,4.988865433,4.342229967,2.916058067,14.4,7.6,187,14.3,7.4,294,143,73,359,146,80,248,0.11222
285,1,0,0,1,0,0,0,2040,8,3,2,63,0.5387561,6.348,4.962,10.89134387,17.4,9.3,161,17.2,9.2,148,171,92,145,166,86,211,0.1131
286,1,1,0,0,0,0,1,1297,12,1,2,75,0.73933,4.038297533,3.570043233,2.859755767,23,11.4,130,22.7,10.3,176,231,96,263,230,103,247,0.11333
287,1,0,0,1,0,0,0,1960,14,3,2,64,4.064582967,0.7303236,6.248,3.836,17.6,9.2,202,17.4,9.3,161,172,92,148,171,92,145,0.11508
288,1,0,0,1,0,0,0,1960,14,3,2,64,0.4490539,6.348,7.576,10.1728177,17.4,9.3,161,17.2,9.2,148,171,92,145,166,86,211,0.11905
289,1,1,0,0,0,0,1,2307,36,2,3,70,4.490317233,4.691298067,2.901512867,1.3218506,14.3,7.4,294,14.3,7.3,359,146,80,248,147,81,204,0.11905
290,1,1,0,0,0,0,1,2307,36,2,3,70,5.083606533,3.991674767,2.857289267,1.4100636,14.3,7.4,294,14.3,7.3,359,146,80,248,147,81,204,0.11905
291,1,0,0,1,0,0,0,2040,8,3,2,63,3.466876267,1.3041268,6.0431731,3.364,17.6,9.2,202,17.4,9.3,161,172,92,148,171,92,145,0.12054
292,1,1,0,0,0,0,1,2307,36,2,3,70,5.2310603,4.181314163,4.055107833,0.543171333,14.8,7.6,224,14.9,7.2,333,142,75,314,150,79,233,0.12143
293,1,0,0,1,0,0,0,1960,14,3,2,64,1.517618,4.7677761,3.468,7.483230533,17.4,9.3,161,17.2,9.2,148,171,92,145,166,86,211,0.12302
294,1,1,0,0,0,0,1,2307,36,2,3,70,1.973482197,4.968935433,4.172439767,2.637404067,14.4,7.6,187,14.3,7.4,294,143,73,359,146,80,248,0.12381
295,1,0,0,1,0,0,0,1960,14,3,2,64,0.6325127,6.348,4.744,10.76607887,17.4,9.3,161,17.2,9.2,148,171,92,145,166,86,211,0.12698
296,1,0,0,1,0,0,0,2051,11,3,2,67,2.991369667,2.985789233,0.4490539,6.348,17.2,9.2,159,17.1,9.1,201,170,93,163,167,91,149,0.13095
297,1,0,0,1,0,0,0,2040,8,3,2,63,4.064582967,0.7303236,6.248,3.836,17.6,9.2,202,17.4,9.3,161,172,92,148,171,92,145,0.13244
298,1,0,0,1,0,0,0,1960,14,3,2,64,1.3600291,6.3102833,3.37,10.0386372,17.4,9.3,161,17.2,9.2,148,171,92,145,166,86,211,0.13889
299,1,1,0,0,0,0,1,2378,37,2,3,70,1.594145567,3.539792667,3.266171933,4.096487167,14.9,8.4,197,14.8,7.6,224,149,72,333,142,75,314,0.14222
300,1,1,0,0,0,0,1,2307,36,2,3,70,5.534138133,3.317145467,1.5532944,1.529360067,14.3,7.4,294,14.3,7.3,359,146,80,248,147,81,204,0.14286
301,1,1,0,0,0,0,1,2378,37,2,3,70,1.529360067,1.6490497,4.1522457,4.678530467,14.7,8.1,204,14.9,8.4,197,148,76,224,149,72,333,0.14778
302,1,0,0,1,0,0,0,2040,8,3,2,63,1.3808654,4.7960552,3.28,7.9242132,17.4,9.3,161,17.2,9.2,148,171,92,145,166,86,211,0.14881
303,1,1,0,0,0,0,1,2307,36,2,3,70,2.915040567,1.2986223,1.268334367,3.456328267,14.6,8,248,14.7,8.1,204,149,84,197,148,76,224,0.15
304,1,0,0,1,0,0,0,2040,8,3,2,63,3.546941767,0.4490539,6.348,6.654,17.6,9.2,202,17.4,9.3,161,172,92,148,171,92,145,0.15179
305,1,0,0,1,0,0,0,2051,11,3,2,67,1.858177233,3.979479267,0.7303236,6.248,17.2,9.2,159,17.1,9.1,201,170,93,163,167,91,149,0.15476
306,1,0,0,0,0,1,0,1892,12,3,2,29,3.546941767,0.4490539,6.348,6.654,17.7,9.1,204,17.6,9.3,161,172,91,146,171,91,143,0.15584
307,1,0,0,1,0,0,0,2040,8,3,2,63,2.780262133,0.4490539,6.584,8.260950333,17.4,9.3,161,17.2,9.2,148,171,92,145,166,86,211,0.15774
308,1,0,0,1,0,0,0,2051,11,3,2,67,2.935277567,2.609473233,3.4390539,4.406,17.1,9.1,201,17,9.3,163,167,91,149,167,92,149,0.16071
309,1,0,0,1,0,0,0,2058,16,3,2,41,1.4694094,2.858602567,2.564875533,4.8050539,17.4,9.3,162,17.6,9.2,202,174,93,161,172,92,148,0.16071
310,1,1,0,0,0,0,1,2307,36,2,3,70,3.903979867,2.917317467,1.2237038,1.247233167,14.3,7.3,359,14.6,8,248,147,81,204,149,84,197,0.16429
311,1,0,0,1,0,0,0,2051,11,3,2,67,3.466876267,1.3041268,6.0431731,3.364,17.1,9.1,201,17,9.3,163,167,91,149,167,92,149,0.16667
312,1,0,0,1,0,0,0,2040,8,3,2,63,0.8295462,6.2721453,3.698,10.16289523,17.4,9.3,161,17.2,9.2,148,171,92,145,166,86,211,0.16667
313,1,0,0,0,0,1,0,2146,15,3,2,70,6.146,7.802775733,10.7557842,6.078865733,15.5,9.2,165,15.2,8.6,227,153,86,315,155,95,274,0.16964
314,1,0,0,1,0,0,0,2058,16,3,2,41,1.4639445,2.991369667,2.985789233,0.4490539,17.3,9.7,54,17.4,9.3,162,176,92,202,174,93,161,0.17262
315,1,1,0,0,0,0,1,2307,36,2,3,70,3.467805067,3.894923967,3.681143333,4.69856237,14.8,7.6,224,14.9,7.2,333,142,75,314,150,79,233,0.18095
316,1,1,0,0,0,0,1,2307,36,2,3,70,5.443573763,2.167143333,0.484059133,3.352851,14.2,7.5,314,15,7.9,233,148,81,164,145,80,131,0.18095
317,1,1,0,0,0,0,1,2307,36,2,3,70,2.813581467,1.3125403,1.636085967,2.9168064,14.6,8,248,14.7,8.1,204,149,84,197,148,76,224,0.1881
318,1,1,0,0,0,0,1,2307,36,2,3,70,0.534587333,3.4449317,1.725711397,4.740146933,14.8,8.1,164,14.5,8,131,144,76,187,143,74,294,0.19388
319,1,0,0,1,0,0,0,2051,11,3,2,67,1.517618,4.7677761,3.468,7.483230533,17,9.3,163,16.7,9.1,149,167,92,149,163,86,214,0.19643
320,1,0,0,1,0,0,0,2051,11,3,2,67,3.546941767,0.4490539,6.348,6.654,17.1,9.1,201,17,9.3,163,167,91,149,167,92,149,0.20238
321,1,0,0,1,0,0,0,2058,16,3,2,41,1.858177233,3.979479267,0.7303236,6.248,17.4,9.3,162,17.6,9.2,202,174,93,161,172,92,148,0.20238
322,1,1,0,0,0,0,1,2307,36,2,3,70,1.4509891,4.008026667,4.7970986,2.961126137,14.9,8.4,197,14.8,7.6,224,149,72,333,142,75,314,0.20476
323,1,0,0,0,0,1,0,2146,15,3,2,70,6.348,7.05,10.1814147,8.134010967,15.5,8.9,161,15.5,9.2,165,152,86,227,153,86,315,0.20536
324,1,0,0,0,0,1,0,1892,12,3,2,29,4.064582967,0.7303236,6.248,3.836,17.7,9.1,204,17.6,9.3,161,172,91,146,171,91,143,0.20779
325,1,1,0,0,0,0,1,2307,36,2,3,70,1.153097667,3.406423733,1.835415797,5.083606533,14.8,8.1,164,14.5,8,131,144,76,187,143,74,294,0.21429
326,1,1,0,0,0,0,1,2307,36,2,3,70,1.571172597,4.988865433,4.342229967,2.916058067,14.4,7.6,187,14.3,7.4,294,143,73,359,146,80,248,0.21905
327,1,1,0,0,0,0,1,2307,36,2,3,70,2.023279833,2.313193067,2.344093397,5.4789364,14.8,8.1,164,14.5,8,131,144,76,187,143,74,294,0.22381
328,1,1,0,0,0,0,1,2307,36,2,3,70,2.473164767,1.554052767,1.1462866,3.789316867,14.6,8,248,14.7,8.1,204,149,84,197,148,76,224,0.22381
329,1,1,0,0,0,0,1,2307,36,2,3,70,2.05965613,3.012508667,5.817395433,2.8541115,14.5,8,131,14.4,7.6,187,143,74,294,143,73,359,0.22619
330,1,1,0,0,0,0,1,2307,36,2,3,70,1.159302133,2.023279833,2.413778367,2.965743163,15,7.9,233,14.8,8.1,164,145,80,131,144,76,187,0.23095
331,1,1,0,0,0,0,1,2307,36,2,3,70,1.678501397,3.527466167,5.837297633,2.903907367,14.4,7.6,187,14.3,7.4,294,143,73,359,146,80,248,0.23095
332,1,0,0,1,0,0,0,2051,11,3,2,67,4.064582967,0.7303236,6.248,3.836,17.1,9.1,201,17,9.3,163,167,91,149,167,92,149,0.23214
333,1,0,0,0,0,1,0,2146,15,3,2,70,6.248,4.596,10.51672053,9.1327058,15.5,8.9,161,15.5,9.2,165,152,86,227,153,86,315,0.23214
334,1,0,0,1,0,0,0,2058,16,3,2,41,1.6196872,1.858177233,3.979479267,0.7303236,17.3,9.7,54,17.4,9.3,162,176,92,202,174,93,161,0.2381
335,1,0,0,0,0,1,0,1892,12,3,2,29,1.858177233,3.979479267,0.7303236,6.248,17.6,9.2,171,17.7,9.1,204,176,93,161,172,91,146,0.24675
336,1,1,0,0,0,0,1,2307,36,2,3,70,0.505885133,3.044595,1.852282097,3.383248567,15,7.9,233,14.8,8.1,164,145,80,131,144,76,187,0.25
337,1,1,0,0,0,0,1,2307,36,2,3,70,2.646952867,1.3789345,1.023490667,3.530178667,14.6,8,248,14.7,8.1,204,149,84,197,148,76,224,0.25238
338,1,1,0,0,0,0,1,2307,36,2,3,70,5.2650614,2.840483367,1.2854127,1.617256367,14.3,7.3,359,14.6,8,248,147,81,204,149,84,197,0.25952
339,0,0,0,1,0,0,0,1958,13,3,2,66,1.4639445,2.991369667,2.985789233,0.4490539,17.3,9.7,54,17.4,9.3,162,176,92,202,174,93,161,0.2619
340,1,1,0,0,0,0,1,2307,36,2,3,70,2.684447167,2.14139663,2.974089567,5.802360733,14.8,8.1,164,14.5,8,131,144,76,187,143,74,294,0.26667
341,1,0,0,1,0,0,0,2051,11,3,2,67,3.786,10.66023523,7.0196771,5.874637333,16.7,9.2,149,16.3,8.6,214,162,85,302,167,96,269,0.26786
342,1,1,0,0,0,0,1,2307,36,2,3,70,2.8474857,2.230362067,1.522791967,1.438878,14.3,7.3,359,14.6,8,248,147,81,204,149,84,197,0.26905
343,0,0,0,1,0,0,0,2001,11,3,2,65,1.858177233,3.979479267,0.7303236,6.248,17.4,9.3,162,17.6,9.2,202,174,93,161,172,92,148,0.26984
344,1,0,0,0,0,1,0,1892,12,3,2,29,1.4694094,2.858602567,2.564875533,4.8050539,17.6,9.2,171,17.7,9.1,204,176,93,161,172,91,146,0.27273
345,1,1,0,0,0,0,1,2307,36,2,3,70,5.12286273,1.376048667,0.8431986,3.685684733,14.2,7.5,314,15,7.9,233,148,81,164,145,80,131,0.27381
346,1,1,0,0,0,0,1,2307,36,2,3,70,1.4239568,1.525121867,2.274113467,3.697183533,14.6,8,248,14.7,8.1,204,149,84,197,148,76,224,0.27619
347,1,1,0,0,0,0,1,2307,36,2,3,70,3.822440167,4.8146157,3.426696733,3.656759637,14.8,7.6,224,14.9,7.2,333,142,75,314,150,79,233,0.28333
348,1,0,0,1,0,0,0,2051,11,3,2,67,6.4232637,3.22,7.1268142,10.59835483,16.7,9.1,149,16.7,9.2,149,163,86,214,162,85,302,0.28571
349,0,0,0,1,0,0,0,1958,13,3,2,66,1.4694094,2.858602567,2.564875533,4.8050539,17.4,9.3,162,17.6,9.2,202,174,93,161,172,92,148,0.28968
350,1,0,0,1,0,0,0,2051,11,3,2,67,6.248,4.596,10.51672053,9.1327058,16.7,9.1,149,16.7,9.2,149,163,86,214,162,85,302,0.29167
351,1,0,0,0,0,1,0,2146,15,3,2,70,6.4232637,3.22,7.1268142,10.59835483,15.5,8.9,161,15.5,9.2,165,152,86,227,153,86,315,0.29464
352,1,0,0,1,0,0,0,2051,11,3,2,67,5.658,10.53485053,9.172575133,1.875124,16.7,9.2,149,16.3,8.6,214,162,85,302,167,96,269,0.29762
353,1,0,0,0,0,1,0,2146,15,3,2,70,4.3910539,3.882,7.257728033,11.103663,15.5,8.9,161,15.5,9.2,165,152,86,227,153,86,315,0.29762
354,1,0,0,0,0,1,0,1892,12,3,2,29,3.466876267,1.3041268,6.0431731,3.364,17.7,9.1,204,17.6,9.3,161,172,91,146,171,91,143,0.2987
355,1,0,0,0,0,1,0,1892,12,3,2,29,2.991369667,2.985789233,0.4490539,6.348,17.6,9.2,171,17.7,9.1,204,176,93,161,172,91,146,0.2987
356,1,1,0,0,0,0,1,2307,36,2,3,70,1.529360067,1.6490497,4.1522457,4.678530467,14.7,8.1,204,14.9,8.4,197,148,76,224,149,72,333,0.3
357,0,0,0,1,0,0,0,2001,11,3,2,65,6.348,7.576,10.1728177,7.616607967,17.1,9.2,145,16.6,8.6,211,165,85,296,169,95,266,0.30159
358,1,1,0,0,0,0,1,2307,36,2,3,70,1.385043767,0.8442071,3.424325433,1.711834997,15,7.9,233,14.8,8.1,164,145,80,131,144,76,187,0.30952
359,0,0,0,1,0,0,0,1958,13,3,2,66,1.6196872,1.858177233,3.979479267,0.7303236,17.3,9.7,54,17.4,9.3,162,176,92,202,174,93,161,0.31349
360,0,0,0,1,0,0,0,2001,11,3,2,65,2.991369667,2.985789233,0.4490539,6.348,17.4,9.3,162,17.6,9.2,202,174,93,161,172,92,148,0.31746
361,0,0,0,1,0,0,0,1958,13,3,2,66,7.498,10.69884203,6.932583633,2.1424454,16.6,8.6,211,16.5,8.5,296,169,95,266,173,107,88,0.31746
362,1,0,0,1,0,0,0,2051,11,3,2,67,4.3910539,3.882,7.257728033,11.103663,16.7,9.1,149,16.7,9.2,149,163,86,214,162,85,302,0.32738
363,1,1,0,0,0,0,1,2307,36,2,3,70,3.352851,1.760601497,4.2564051,5.2685029,14.5,8,131,14.4,7.6,187,143,74,294,143,73,359,0.32857
364,1,1,0,0,0,0,1,2307,36,2,3,70,1.125383167,4.006805267,4.5879162,3.550940333,14.9,8.4,197,14.8,7.6,224,149,72,333,142,75,314,0.33095
365,0,0,0,1,0,0,0,2001,11,3,2,65,6.348,4.744,10.76607887,9.8553468,17.2,9.2,148,17.1,9.2,145,166,86,211,165,85,296,0.33333
366,0,0,0,1,0,0,0,1958,13,3,2,66,2.935277567,2.609473233,3.4390539,4.406,17.6,9.2,202,17.4,9.3,161,172,92,148,171,92,145,0.3373
367,1,1,0,0,0,0,1,2307,36,2,3,70,3.198423433,0.505885133,3.169303,1.818941397,15,7.9,233,14.8,8.1,164,145,80,131,144,76,187,0.3381
368,1,0,0,1,0,0,0,2051,11,3,2,67,2.882,7.9504142,11.33875483,5.016660233,16.7,9.2,149,16.3,8.6,214,162,85,302,167,96,269,0.33929
369,1,0,0,0,0,1,0,2010,9,3,2,37,1.4639445,2.991369667,2.985789233,0.4490539,17,9.6,50,17.2,9.2,166,171,91,205,170,93,164,0.34026
370,0,0,0,1,0,0,0,2001,11,3,2,65,1.4639445,2.991369667,2.985789233,0.4490539,17.3,9.7,54,17.4,9.3,162,176,92,202,174,93,161,0.34127
371,0,0,0,1,0,0,0,1958,13,3,2,66,4.962,10.89134387,9.5120818,1.875124,17.1,9.2,145,16.6,8.6,211,165,85,296,169,95,266,0.34127
372,0,0,0,1,0,0,0,1958,13,3,2,66,6.584,8.260950333,10.5557529,6.312722433,17.1,9.2,145,16.6,8.6,211,165,85,296,169,95,266,0.34524
373,1,0,0,1,0,0,0,2051,11,3,2,67,6.348,7.05,10.1814147,8.134010967,16.7,9.1,149,16.7,9.2,149,163,86,214,162,85,302,0.35119
374,0,0,0,1,0,0,0,1958,13,3,2,66,2.991369667,2.985789233,0.4490539,6.348,17.4,9.3,162,17.6,9.2,202,174,93,161,172,92,148,0.35317
375,1,0,0,1,0,0,0,2051,11,3,2,67,1.3600291,6.3102833,3.37,10.0386372,17,9.3,163,16.7,9.1,149,167,92,149,163,86,214,0.35714
376,1,0,0,1,0,0,0,2051,11,3,2,67,6.146,7.802775733,10.7557842,6.078865733,16.7,9.2,149,16.3,8.6,214,162,85,302,167,96,269,0.35714
377,0,0,0,1,0,0,0,1958,13,3,2,66,3.28,7.9242132,10.90207383,5.543542233,17.1,9.2,145,16.6,8.6,211,165,85,296,169,95,266,0.35714
378,0,0,0,1,0,0,0,1958,13,3,2,66,1.858177233,3.979479267,0.7303236,6.248,17.4,9.3,162,17.6,9.2,202,174,93,161,172,92,148,0.36111
379,1,1,0,0,0,0,1,2307,36,2,3,70,2.7909908,2.080983197,5.3748122,3.8231898,14.5,8,131,14.4,7.6,187,143,74,294,143,73,359,0.3619
380,1,0,0,1,0,0,0,2051,11,3,2,67,0.6325127,6.348,4.744,10.76607887,17,9.3,163,16.7,9.1,149,167,92,149,163,86,214,0.3631
381,0,0,0,1,0,0,0,2001,11,3,2,65,1.4694094,2.858602567,2.564875533,4.8050539,17.4,9.3,162,17.6,9.2,202,174,93,161,172,92,148,0.36508
382,0,0,0,1,0,0,0,1958,13,3,2,66,3.698,10.16289523,7.4350588,5.804896933,17.1,9.2,145,16.6,8.6,211,165,85,296,169,95,266,0.36905
383,1,1,0,0,0,0,1,2307,36,2,3,70,3.7957019,2.708897967,1.2617441,1.090431367,14.3,7.3,359,14.6,8,248,147,81,204,149,84,197,0.36905
384,1,1,0,0,0,0,1,2307,36,2,3,70,1.490694767,1.018937,4.036146067,4.423865,14.7,8.1,204,14.9,8.4,197,148,76,224,149,72,333,0.37381
385,1,1,0,0,0,0,1,2307,36,2,3,70,4.457345197,1.402927133,1.4770781,2.8522697,14.2,7.5,314,15,7.9,233,148,81,164,145,80,131,0.37381
386,1,0,0,0,0,1,0,2010,9,3,2,37,1.4694094,2.858602567,2.564875533,4.8050539,17.2,9.2,166,17.1,9.1,205,170,93,164,167,91,149,0.37662
387,1,0,0,0,0,1,0,2146,15,3,2,70,0.4490539,6.348,7.576,10.1728177,15.8,9.2,184,15.5,8.9,161,155,92,165,152,86,227,0.38095
388,1,1,0,0,0,0,1,2307,36,2,3,70,1.4904492,1.006705167,3.559744267,4.7913762,14.7,8.1,204,14.9,8.4,197,148,76,224,149,72,333,0.38333
389,1,1,0,0,0,0,1,2307,36,2,3,70,1.4504941,1.279280867,3.553902267,3.436973633,14.7,8.1,204,14.9,8.4,197,148,76,224,149,72,333,0.38571
390,1,0,0,1,0,0,0,2051,11,3,2,67,0.4490539,6.348,7.576,10.1728177,17,9.3,163,16.7,9.1,149,167,92,149,163,86,214,0.39286
391,0,0,0,1,0,0,0,2001,11,3,2,65,1.6196872,1.858177233,3.979479267,0.7303236,17.3,9.7,54,17.4,9.3,162,176,92,202,174,93,161,0.39683
392,0,0,0,1,0,0,0,1958,13,3,2,66,3.466876267,1.3041268,6.0431731,3.364,17.6,9.2,202,17.4,9.3,161,172,92,148,171,92,145,0.39683
393,1,1,0,0,0,0,1,2307,36,2,3,70,4.4940516,1.006065133,2.638219167,2.034713133,14.2,7.5,314,15,7.9,233,148,81,164,145,80,131,0.41667
394,1,1,0,0,0,0,1,2307,36,2,3,70,1.292576267,3.525988867,4.457657933,3.145616267,14.9,8.4,197,14.8,7.6,224,149,72,333,142,75,314,0.41905
395,0,0,0,1,0,0,0,2001,11,3,2,65,6.3102833,3.37,10.0386372,7.588656533,17.2,9.2,148,17.1,9.2,145,166,86,211,165,85,296,0.42857
396,1,1,0,0,0,0,1,2307,36,2,3,70,3.400791433,1.587395297,5.578074733,3.818012967,14.5,8,131,14.4,7.6,187,143,74,294,143,73,359,0.43095
397,1,0,0,0,0,1,0,2146,15,3,2,70,0.6325127,6.348,4.744,10.76607887,15.8,9.2,184,15.5,8.9,161,155,92,165,152,86,227,0.46131
398,0,0,0,1,0,0,0,1958,13,3,2,66,4.064582967,0.7303236,6.248,3.836,17.6,9.2,202,17.4,9.3,161,172,92,148,171,92,145,0.47619
399,1,0,0,0,0,1,0,1892,12,3,2,29,2.935277567,2.609473233,3.4390539,4.406,17.7,9.1,204,17.6,9.3,161,172,91,146,171,91,143,0.48052
400,0,0,0,1,0,0,0,1958,13,3,2,66,3.4390539,4.406,7.590515833,10.8790832,17.2,9.2,148,17.1,9.2,145,166,86,211,165,85,296,0.4881
401,1,0,0,0,0,1,0,2010,9,3,2,37,2.882,7.9504142,11.33875483,5.016660233,16.6,9.1,148,16.2,8.5,212,162,84,300,167,94,274,0.48831
402,0,0,0,1,0,0,0,2001,11,3,2,65,4.7677761,3.468,7.483230533,10.8781605,17.2,9.2,148,17.1,9.2,145,166,86,211,165,85,296,0.49206
403,1,1,0,0,0,0,1,2307,36,2,3,70,1.594145567,3.539792667,3.266171933,4.096487167,14.9,8.4,197,14.8,7.6,224,149,72,333,142,75,314,0.51429
404,1,1,0,0,0,0,1,2307,36,2,3,70,3.766939667,5.1590607,3.039027833,3.319416237,14.8,7.6,224,14.9,7.2,333,142,75,314,150,79,233,0.51667
405,0,0,0,1,0,0,0,2001,11,3,2,65,2.935277567,2.609473233,3.4390539,4.406,17.6,9.2,202,17.4,9.3,161,172,92,148,171,92,145,0.52381
406,1,0,0,0,0,1,0,2010,9,3,2,37,2.991369667,2.985789233,0.4490539,6.348,17.2,9.2,166,17.1,9.1,205,170,93,164,167,91,149,0.52468
407,1,0,0,1,0,0,0,2058,16,3,2,41,2.991369667,2.985789233,0.4490539,6.348,17.4,9.3,162,17.6,9.2,202,174,93,161,172,92,148,0.54167
408,0,0,0,1,0,0,0,1958,13,3,2,66,6.348,6.654,10.3819792,8.329446467,17.2,9.2,148,17.1,9.2,145,166,86,211,165,85,296,0.54762
409,1,0,0,0,0,1,0,2146,15,3,2,70,1.3600291,6.3102833,3.37,10.0386372,15.8,9.2,184,15.5,8.9,161,155,92,165,152,86,227,0.54762
410,1,0,0,0,0,1,0,2146,15,3,2,70,1.4694094,2.858602567,2.564875533,4.8050539,15.9,9.1,160,16,9,205,158,92,184,155,89,161,0.5506
411,0,0,0,1,0,0,0,1958,13,3,2,66,3.546941767,0.4490539,6.348,6.654,17.6,9.2,202,17.4,9.3,161,172,92,148,171,92,145,0.5754
412,1,0,0,0,0,1,0,2146,15,3,2,70,1.4649276,2.962672267,2.979938333,0.4490539,15.9,9.1,160,16,9,205,158,92,184,155,89,161,0.57738
413,1,0,1,0,0,0,0,2062,13,3,2,70,1.4639445,2.991369667,2.985789233,0.4490539,17,9.6,49,17.2,9.2,159,171,91,201,170,93,163,0.58333
414,1,0,0,0,0,1,0,2146,15,3,2,70,0.881645003,1.4238562,2.937950467,2.867430433,15.6,9.3,39,15.9,9.1,160,160,90,205,158,92,184,0.58631
415,1,0,0,0,0,1,0,2146,15,3,2,70,1.6538384,1.887321833,4.018048667,0.6284584,15.6,9.3,39,15.9,9.1,160,160,90,205,158,92,184,0.58929
416,1,0,0,0,0,1,0,2146,15,3,2,70,1.517618,4.7677761,3.468,7.483230533,15.8,9.2,184,15.5,8.9,161,155,92,165,152,86,227,0.59226
417,1,0,0,1,0,0,0,2058,16,3,2,41,0.4490539,6.348,7.576,10.1728177,17.4,9.3,161,17.2,9.2,148,171,92,145,166,86,211,0.59524
418,1,0,0,0,0,1,0,2146,15,3,2,70,4.064582967,0.7303236,6.248,3.836,16,9,205,15.8,9.2,184,155,89,161,155,92,165,0.59524
419,1,0,0,0,0,1,0,2010,9,3,2,37,6.146,7.802775733,10.7557842,6.078865733,16.6,9.1,148,16.2,8.5,212,162,84,300,167,94,274,0.6
420,1,0,0,0,0,1,0,2146,15,3,2,70,3.546941767,0.4490539,6.348,6.654,16,9,205,15.8,9.2,184,155,89,161,155,92,165,0.60417
421,1,0,0,1,0,0,0,2058,16,3,2,41,0.6325127,6.348,4.744,10.76607887,17.4,9.3,161,17.2,9.2,148,171,92,145,166,86,211,0.60714
422,0,0,0,1,0,0,0,1958,13,3,2,66,6.248,3.836,10.90714687,8.0385618,17.2,9.2,148,17.1,9.2,145,166,86,211,165,85,296,0.61111
423,1,0,0,0,0,1,0,2146,15,3,2,70,1.858177233,3.979479267,0.7303236,6.248,15.9,9.1,160,16,9,205,158,92,184,155,89,161,0.6131
424,1,0,0,0,0,1,0,2146,15,3,2,70,1.7840713,1.683351333,3.725920667,1.1598462,15.6,9.3,39,15.9,9.1,160,160,90,205,158,92,184,0.625
425,0,0,0,1,0,0,0,2001,11,3,2,65,3.466876267,1.3041268,6.0431731,3.364,17.6,9.2,202,17.4,9.3,161,172,92,148,171,92,145,0.63492
426,0,0,0,1,0,0,0,2001,11,3,2,65,0.5387561,6.348,4.962,10.89134387,17.4,9.3,161,17.2,9.2,148,171,92,145,166,86,211,0.63492
427,1,0,0,0,0,1,0,2146,15,3,2,70,3.466876267,1.3041268,6.0431731,3.364,16,9,205,15.8,9.2,184,155,89,161,155,92,165,0.63988
428,0,0,0,1,0,0,0,2001,11,3,2,65,0.4490539,6.584,7.498,10.69884203,17.2,9.2,148,17.1,9.2,145,166,86,211,165,85,296,0.64286
429,0,0,0,1,0,0,0,1958,13,3,2,66,6.0431731,3.364,7.072296533,10.9428725,17.2,9.2,148,17.1,9.2,145,166,86,211,165,85,296,0.65873
430,1,0,1,0,0,0,0,2062,13,3,2,70,1.6196872,1.858177233,3.979479267,0.7303236,17,9.6,49,17.2,9.2,159,171,91,201,170,93,163,0.66071
431,0,0,0,1,0,0,0,2001,11,3,2,65,4.064582967,0.7303236,6.248,3.836,17.6,9.2,202,17.4,9.3,161,172,92,148,171,92,145,0.6746
432,0,0,0,1,0,0,0,1958,13,3,2,66,0.7303236,6.248,4.596,10.73220073,17.4,9.3,161,17.2,9.2,148,171,92,145,166,86,211,0.71032
433,0,0,0,1,0,0,0,2001,11,3,2,65,0.8295462,6.2721453,3.698,10.16289523,17.4,9.3,161,17.2,9.2,148,171,92,145,166,86,211,0.71429
434,1,0,0,0,0,1,0,2010,9,3,2,37,1.858177233,3.979479267,0.7303236,6.248,17.2,9.2,166,17.1,9.1,205,170,93,164,167,91,149,0.72208
435,1,0,0,0,1,0,0,2037,11,3,2,67,1.4639445,2.991369667,2.985789233,0.4490539,17,9.6,49,17.2,9.2,159,171,91,201,170,93,163,0.74048
436,1,0,0,0,1,0,0,2037,11,3,2,67,2.935277567,2.609473233,3.4390539,4.406,17.1,9.1,201,17,9.3,163,167,91,149,167,92,149,0.75476
437,1,0,1,0,0,0,0,2062,13,3,2,70,3.466876267,1.3041268,6.0431731,3.364,17.1,9.1,201,17,9.3,163,167,91,149,167,92,149,0.7619
438,1,0,1,0,0,0,0,2062,13,3,2,70,1.4694094,2.858602567,2.564875533,4.8050539,17.2,9.2,159,17.1,9.1,201,170,93,163,167,91,149,0.76786
439,1,0,0,0,0,1,0,2146,15,3,2,70,2.991369667,2.985789233,0.4490539,6.348,15.9,9.1,160,16,9,205,158,92,184,155,89,161,0.77083
440,1,0,0,0,0,1,0,2010,9,3,2,37,6.348,7.05,10.1814147,8.134010967,16.7,9.1,149,16.6,9.1,148,162,85,212,162,84,300,0.78182
441,0,0,0,1,0,0,0,2001,11,3,2,65,3.546941767,0.4490539,6.348,6.654,17.6,9.2,202,17.4,9.3,161,172,92,148,171,92,145,0.78571
442,0,0,0,1,0,0,0,1958,13,3,2,66,0.4490539,6.348,7.314,10.120367,17.4,9.3,161,17.2,9.2,148,171,92,145,166,86,211,0.78571
443,1,0,0,1,0,0,0,2058,16,3,2,41,1.3600291,6.3102833,3.37,10.0386372,17.4,9.3,161,17.2,9.2,148,171,92,145,166,86,211,0.79167
444,1,0,0,0,0,1,0,2146,15,3,2,70,1.380571703,1.516454,3.9261792,1.3150905,15.6,9.3,39,15.9,9.1,160,160,90,205,158,92,184,0.79167
445,0,0,0,1,0,0,0,1958,13,3,2,66,2.564875533,4.8050539,3.468,7.483230533,17.4,9.3,161,17.2,9.2,148,171,92,145,166,86,211,0.79365
446,0,0,0,1,0,0,0,2001,11,3,2,65,1.3808654,4.7960552,3.28,7.9242132,17.4,9.3,161,17.2,9.2,148,171,92,145,166,86,211,0.80952
447,1,0,0,1,0,0,0,2058,16,3,2,41,1.517618,4.7677761,3.468,7.483230533,17.4,9.3,161,17.2,9.2,148,171,92,145,166,86,211,0.80952
448,1,0,0,0,1,0,0,2037,11,3,2,67,3.466876267,1.3041268,6.0431731,3.364,17.1,9.1,201,17,9.3,163,167,91,149,167,92,149,0.81905
449,1,0,0,0,1,0,0,2037,11,3,2,67,1.6196872,1.858177233,3.979479267,0.7303236,17,9.6,49,17.2,9.2,159,171,91,201,170,93,163,0.82619
450,1,0,0,1,0,0,0,2058,16,3,2,41,2.935277567,2.609473233,3.4390539,4.406,17.6,9.2,202,17.4,9.3,161,172,92,148,171,92,145,0.82738
451,1,0,0,0,0,1,0,2146,15,3,2,70,2.935277567,2.609473233,3.4390539,4.406,16,9,205,15.8,9.2,184,155,89,161,155,92,165,0.85714
452,0,0,0,1,0,0,0,2001,11,3,2,65,2.780262133,0.4490539,6.584,8.260950333,17.4,9.3,161,17.2,9.2,148,171,92,145,166,86,211,0.87302
453,1,0,0,1,0,0,0,2058,16,3,2,41,3.466876267,1.3041268,6.0431731,3.364,17.6,9.2,202,17.4,9.3,161,172,92,148,171,92,145,0.88095
454,1,0,1,0,0,0,0,2062,13,3,2,70,2.991369667,2.985789233,0.4490539,6.348,17.2,9.2,159,17.1,9.1,201,170,93,163,167,91,149,0.8869
455,1,0,0,1,0,0,0,2058,16,3,2,41,3.546941767,0.4490539,6.348,6.654,17.6,9.2,202,17.4,9.3,161,172,92,148,171,92,145,0.92262
456,1,0,0,0,0,1,0,2010,9,3,2,37,6.248,4.596,10.51672053,9.1327058,16.7,9.1,149,16.6,9.1,148,162,85,212,162,84,300,0.93247
457,1,0,0,0,0,1,0,2010,9,3,2,37,6.4232637,3.22,7.1268142,10.59835483,16.7,9.1,149,16.6,9.1,148,162,85,212,162,84,300,0.97662
458,1,0,1,0,0,0,0,2062,13,3,2,70,2.935277567,2.609473233,3.4390539,4.406,17.1,9.1,201,17,9.3,163,167,91,149,167,92,149,0.9881
459,1,0,0,0,0,1,0,2010,9,3,2,37,3.466876267,1.3041268,6.0431731,3.364,17.1,9.1,205,17,9.3,164,167,91,149,166,91,148,0.98961
460,1,0,0,0,1,0,0,2037,11,3,2,67,1.517618,4.7677761,3.468,7.483230533,17,9.3,163,16.7,9.1,149,167,92,149,163,86,214,1.00238
461,1,0,0,0,1,0,0,2037,11,3,2,67,4.064582967,0.7303236,6.248,3.836,17.1,9.1,201,17,9.3,163,167,91,149,167,92,149,1.00476
462,1,0,0,0,0,1,0,2010,9,3,2,37,2.935277567,2.609473233,3.4390539,4.406,17.1,9.1,205,17,9.3,164,167,91,149,166,91,148,1.01039
463,1,0,0,0,0,1,0,2010,9,3,2,37,4.3910539,3.882,7.257728033,11.103663,16.7,9.1,149,16.6,9.1,148,162,85,212,162,84,300,1.01299
464,1,0,0,0,1,0,0,2037,11,3,2,67,2.882,7.9504142,11.33875483,5.016660233,16.7,9.2,149,16.3,8.6,214,162,85,302,167,96,269,1.02857
465,1,0,0,0,0,1,0,2010,9,3,2,37,0.4490539,6.348,7.576,10.1728177,17,9.3,164,16.7,9.1,149,166,91,148,162,85,212,1.05974
466,1,0,0,0,1,0,0,2037,11,3,2,67,3.546941767,0.4490539,6.348,6.654,17.1,9.1,201,17,9.3,163,167,91,149,167,92,149,1.08095
467,1,0,0,0,1,0,0,2037,11,3,2,67,1.3600291,6.3102833,3.37,10.0386372,17,9.3,163,16.7,9.1,149,167,92,149,163,86,214,1.10714
468,1,0,0,1,0,0,0,2058,16,3,2,41,4.064582967,0.7303236,6.248,3.836,17.6,9.2,202,17.4,9.3,161,172,92,148,171,92,145,1.1131
469,1,0,1,0,0,0,0,2062,13,3,2,70,1.858177233,3.979479267,0.7303236,6.248,17.2,9.2,159,17.1,9.1,201,170,93,163,167,91,149,1.11905
470,1,0,0,0,0,1,0,2010,9,3,2,37,4.064582967,0.7303236,6.248,3.836,17.1,9.1,205,17,9.3,164,167,91,149,166,91,148,1.18182
471,1,0,0,0,1,0,0,2037,11,3,2,67,6.146,7.802775733,10.7557842,6.078865733,16.7,9.2,149,16.3,8.6,214,162,85,302,167,96,269,1.21905
472,1,0,0,0,0,1,0,2010,9,3,2,37,1.517618,4.7677761,3.468,7.483230533,17,9.3,164,16.7,9.1,149,166,91,148,162,85,212,1.23896
473,1,0,0,0,0,1,0,2010,9,3,2,37,1.3600291,6.3102833,3.37,10.0386372,17,9.3,164,16.7,9.1,149,166,91,148,162,85,212,1.27013
474,1,0,0,0,0,1,0,2010,9,3,2,37,0.6325127,6.348,4.744,10.76607887,17,9.3,164,16.7,9.1,149,166,91,148,162,85,212,1.3039
475,1,0,0,0,0,1,0,2010,9,3,2,37,3.546941767,0.4490539,6.348,6.654,17.1,9.1,205,17,9.3,164,167,91,149,166,91,148,1.31169
476,1,0,0,0,1,0,0,2037,11,3,2,67,3.786,10.66023523,7.0196771,5.874637333,16.7,9.2,149,16.3,8.6,214,162,85,302,167,96,269,1.32381
477,1,0,0,0,1,0,0,2037,11,3,2,67,0.6325127,6.348,4.744,10.76607887,17,9.3,163,16.7,9.1,149,167,92,149,163,86,214,1.42381
478,1,0,0,0,1,0,0,2037,11,3,2,67,6.348,7.05,10.1814147,8.134010967,16.7,9.1,149,16.7,9.2,149,163,86,214,162,85,302,1.42857
479,1,0,0,0,1,0,0,2037,11,3,2,67,0.4490539,6.348,7.576,10.1728177,17,9.3,163,16.7,9.1,149,167,92,149,163,86,214,1.43095
480,1,0,0,0,1,0,0,2037,11,3,2,67,6.248,4.596,10.51672053,9.1327058,16.7,9.1,149,16.7,9.2,149,163,86,214,162,85,302,1.50714
481,1,0,0,0,1,0,0,2037,11,3,2,67,4.3910539,3.882,7.257728033,11.103663,16.7,9.1,149,16.7,9.2,149,163,86,214,162,85,302,1.55
482,1,0,1,0,0,0,0,2062,13,3,2,70,4.064582967,0.7303236,6.248,3.836,17.1,9.1,201,17,9.3,163,167,91,149,167,92,149,1.57738
483,1,0,1,0,0,0,0,2062,13,3,2,70,0.4490539,6.348,7.576,10.1728177,17,9.3,163,16.7,9.1,149,167,92,149,163,86,214,1.66667
484,1,0,0,0,1,0,0,2037,11,3,2,67,6.4232637,3.22,7.1268142,10.59835483,16.7,9.1,149,16.7,9.2,149,163,86,214,162,85,302,1.68571
485,1,0,1,0,0,0,0,2062,13,3,2,70,3.546941767,0.4490539,6.348,6.654,17.1,9.1,201,17,9.3,163,167,91,149,167,92,149,1.76786
486,1,0,1,0,0,0,0,2062,13,3,2,70,0.6325127,6.348,4.744,10.76607887,17,9.3,163,16.7,9.1,149,167,92,149,163,86,214,1.875
487,1,0,1,0,0,0,0,2062,13,3,2,70,1.517618,4.7677761,3.468,7.483230533,17,9.3,163,16.7,9.1,149,167,92,149,163,86,214,2.07738
488,1,0,1,0,0,0,0,2062,13,3,2,70,1.3600291,6.3102833,3.37,10.0386372,17,9.3,163,16.7,9.1,149,167,92,149,163,86,214,2.13095
